"Time (s)","Acceleration x (m/s^2)","Acceleration y (m/s^2)","Acceleration z (m/s^2)"
6.876567000E-3,-2.923730135E0,4.530211449E0,8.649754524E0
2.354250500E-2,-2.823829889E0,4.434498787E0,8.663214684E0
4.020844200E-2,-2.929712296E0,4.599603176E0,8.203493118E0
5.687438000E-2,-3.081357241E0,4.673481941E0,7.945666790E0
7.354031700E-2,-3.135794163E0,4.653740883E0,7.741678715E0
9.020625500E-2,-3.288037300E0,4.729712963E0,7.787441254E0
1.068721920E-1,-3.307179928E0,4.550550461E0,8.261219978E0
1.235381300E-1,-3.273082256E0,4.498207569E0,8.683254242E0
1.402040670E-1,-3.259323597E0,4.436891556E0,8.630910873E0
1.568700050E-1,-3.308376312E0,4.510171413E0,8.411668777E0
1.735359420E-1,-3.372683525E0,4.605585575E0,8.444869041E0
1.902018800E-1,-3.283849955E0,4.634598255E0,8.258229256E0
2.068678170E-1,-3.206382275E0,4.749454021E0,7.983952045E0
2.235337550E-1,-3.185744286E0,4.743172646E0,7.823034763E0
2.401996920E-1,-3.212962627E0,4.698905468E0,8.100900650E0
2.568656300E-1,-3.289233923E0,4.644468784E0,8.286344528E0
2.735315670E-1,-3.406183004E0,4.573282242E0,8.408678055E0
2.901975050E-1,-3.480659723E0,4.610371113E0,8.405088425E0
3.068634420E-1,-3.386741400E0,4.646263599E0,8.194819450E0
3.235293800E-1,-3.194119215E0,4.557429790E0,8.083553314E0
3.401953170E-1,-3.206083298E0,4.708177567E0,8.064709663E0
3.568612550E-1,-3.291028500E0,4.640879631E0,7.954340458E0
3.735271920E-1,-3.322135210E0,4.637888432E0,7.948657513E0
3.901931300E-1,-3.331108332E0,4.644169807E0,7.965706348E0
4.068590670E-1,-3.207279682E0,4.529015064E0,7.900801182E0
4.235250050E-1,-3.239283562E0,4.634000301E0,8.089236259E0
4.401909420E-1,-3.234498024E0,4.672883511E0,8.091927528E0
4.568568800E-1,-3.256930828E0,4.657330036E0,8.003393173E0
4.735228170E-1,-3.281157970E0,4.602893353E0,8.070093155E0
4.901887550E-1,-3.308974504E0,4.530211449E0,8.083553314E0
5.068546920E-1,-3.269193888E0,4.532305241E0,8.171190262E0
5.235206300E-1,-3.251247883E0,4.507180691E0,8.287541389E0
5.401865670E-1,-3.333501101E0,4.510171413E0,8.303992271E0
5.568525050E-1,-3.336791277E0,4.526921272E0,8.203493118E0
5.735184420E-1,-3.256930828E0,4.508377075E0,8.072187424E0
5.901843800E-1,-3.277868032E0,4.507479668E0,8.081758499E0
6.068503170E-1,-3.234797001E0,4.421637058E0,8.167002678E0
6.235162550E-1,-3.219243765E0,4.335196495E0,8.179863930E0
6.401821920E-1,-3.331407309E0,4.398606300E0,8.147561073E0
6.568481300E-1,-3.392125130E0,4.418047905E0,8.128119469E0
6.735140670E-1,-3.302693367E0,4.322035789E0,8.195417404E0
6.901800050E-1,-3.156731367E0,4.215854168E0,8.491529465E0
7.068459420E-1,-3.116950512E0,4.263411522E0,8.582756042E0
7.235118800E-1,-3.054737091E0,4.333701134E0,8.397312164E0
7.401778170E-1,-3.016452074E0,4.419244289E0,8.106285095E0
7.568437550E-1,-3.069393158E0,4.468895435E0,7.897810459E0
7.735096920E-1,-3.110669374E0,4.497310162E0,7.980063438E0
7.901756300E-1,-3.142972469E0,4.465006828E0,8.178069115E0
8.068415670E-1,-3.220739365E0,4.470689774E0,8.265707016E0
8.235075050E-1,-3.340081215E0,4.510769844E0,8.286643982E0
8.401734420E-1,-3.334996462E0,4.409074783E0,8.490034103E0
8.568393800E-1,-3.290729284E0,4.373182297E0,8.467600822E0
8.735053170E-1,-3.241078377E0,4.363910198E0,8.362317085E0
8.901712550E-1,-3.246163130E0,4.433002949E0,8.232207298E0
9.068371920E-1,-3.308376312E0,4.401896477E0,8.174779892E0
9.235031300E-1,-3.300599813E0,4.329812527E0,8.174480438E0
9.401690670E-1,-3.270689487E0,4.314857483E0,8.196912766E0
9.568350050E-1,-3.165106058E0,4.334000111E0,8.168797493E0
9.735009420E-1,-3.006581545E0,4.310968876E0,8.134998322E0
9.901668800E-1,-2.898007393E0,4.172783375E0,8.048258781E0
1.006832817E0,-2.992822886E0,3.967898130E0,7.828119278E0
1.023498755E0,-3.145664454E0,4.133601189E0,7.942376614E0
1.040164692E0,-3.221935749E0,3.855435371E0,7.916354656E0
1.056830630E0,-3.000001431E0,3.711267948E0,8.074878693E0
1.073496567E0,-2.520240545E0,3.551247835E0,8.848359108E0
1.090162505E0,-1.857129455E0,2.926422119E0,9.664012909E0
1.106828442E0,-1.718943954E0,3.000300407E0,9.684949875E0
1.123494380E0,-1.914557219E0,2.948256493E0,1.008066273E1
1.140160317E0,-1.957927108E0,2.559721947E0,1.036959648E1
1.156826255E0,-1.839482427E0,2.114058733E0,1.000558758E1
1.173492192E0,-1.623829246E0,1.919641972E0,9.370293617E0
1.190158130E0,-1.798206210E0,1.875673890E0,8.896514893E0
1.206824067E0,-1.834397674E0,1.703390598E0,9.209674835E0
1.223490005E0,-1.842174292E0,1.367797256E0,9.115159035E0
1.240155942E0,-1.579562068E0,1.347159147E0,9.505786896E0
1.256821880E0,-1.261914849E0,1.204786181E0,9.856933594E0
1.273487817E0,-9.879366755E-1,4.893322289E-1,1.046949673E1
1.290153755E0,-7.091727853E-1,-5.697908998E-1,1.001276588E1
1.306819692E0,-4.938187599E-1,-1.442872047E0,1.003878784E1
1.323485630E0,-7.088737190E-2,-1.710569143E0,1.070189953E1
1.340151567E0,-3.529413342E-1,-1.498206019E0,1.117179012E1
1.356817505E0,-6.675975323E-1,-1.324726462E0,1.065613651E1
1.373483442E0,-5.769693851E-1,-1.851446509E0,1.181904793E1
1.390149380E0,-2.279163599E-1,-2.255833626E0,1.183968639E1
1.406815317E0,-1.196411327E-1,-2.600100994E0,1.176012516E1
1.423481255E0,6.873382926E-1,-3.218346357E0,1.108684444E1
1.440147192E0,1.750349760E0,-3.659523249E0,8.030312538E0
1.456813130E0,2.233700037E0,-3.431606770E0,6.692425728E0
1.473479067E0,1.856531262E0,-2.926122904E0,7.001698017E0
1.490145005E0,4.307080805E-2,-1.471885085E0,8.555238724E0
1.506810942E0,-2.735295296E0,-8.500502706E-1,1.174068356E1
1.523476880E0,-4.916652203E0,2.133201361E0,1.007288647E1
1.540142817E0,-2.125424623E0,2.767897606E0,8.926424980E0
1.556808755E0,-3.568296731E-1,-1.617847204E0,8.889336586E0
1.573474692E0,-1.632503271E0,-1.864607096E0,9.781559944E0
1.590140630E0,-1.563410521E0,-3.972085714E-1,1.061486053E1
1.606806567E0,-9.511470199E-1,6.251249462E-2,9.355338097E0
1.623472505E0,-4.537389874E-1,-3.580260873E-1,8.906385422E0
1.640138442E0,-5.213362575E-1,-2.979064286E-1,9.218647957E0
1.656804380E0,-7.525427341E-1,-1.884347759E-2,9.523733139E0
1.673470317E0,-8.063812256E-1,2.901297435E-2,9.623633385E0
1.690136255E0,-8.446664214E-1,-1.953141540E-1,9.789336205E0
1.706802192E0,-9.053842425E-1,-4.133601189E-1,1.078325558E1
1.723468130E0,-1.094716311E0,-5.682953820E-2,1.109162998E1
1.740134067E0,-1.203888893E0,4.531407952E-1,1.034985542E1
1.756800005E0,-8.341978192E-1,6.014958024E-1,9.568598747E0
1.773465942E0,-5.602195859E-1,4.552344978E-1,9.879067421E0
1.790131880E0,-7.438687682E-1,4.417748749E-1,9.972088814E0
1.806797817E0,-1.098006487E0,6.239284873E-1,9.849755287E0
1.823463755E0,-1.398903966E0,9.131609201E-1,9.932606697E0
1.840129692E0,-1.402493119E0,9.777671695E-1,9.916754723E0
1.856795630E0,-9.762716293E-1,9.544371367E-1,1.005404282E1
1.873461567E0,-6.592226624E-1,1.023230791E0,9.847063065E0
1.890127505E0,-4.402793646E-1,1.059123158E0,1.002383327E1
1.906793442E0,-5.428716540E-1,1.096211910E0,9.763015747E0
1.923459380E0,-7.555337548E-1,1.066899776E0,9.790233612E0
1.940125317E0,-1.292423368E0,1.199402332E0,1.007109165E1
1.956791255E0,-1.129113197E0,1.325922847E0,1.001306534E1
1.973457192E0,-7.289136052E-1,1.256231904E0,9.846465111E0
1.990123130E0,-5.371887088E-1,1.195813060E0,9.722337723E0
2.006789067E0,-5.099703074E-1,1.301396370E0,9.587442398E0
2.023455005E0,-4.184448719E-1,1.300199986E0,9.621838570E0
2.040120942E0,-3.059822023E-1,1.263410330E0,9.638289452E0
2.056786880E0,-3.457628787E-1,1.237388372E0,9.657133102E0
2.073452817E0,-3.792623878E-1,1.376471281E0,9.689137459E0
2.090118755E0,-2.940180898E-1,1.415952802E0,9.764511108E0
2.106784692E0,-2.003988922E-1,1.421037555E0,9.905986786E0
2.123450630E0,-2.204387933E-1,1.438684583E0,9.756135941E0
2.140116567E0,-2.841476798E-1,1.447657704E0,9.625128746E0
2.156782505E0,-3.083750308E-1,1.435693622E0,9.683454514E0
2.173448442E0,-5.626124144E-1,1.545464277E0,9.418449402E0
2.190114380E0,-6.026921868E-1,1.678864241E0,9.175278664E0
2.206780317E0,-4.677968323E-1,1.614257932E0,9.281759262E0
2.223446255E0,-3.340978622E-1,1.468295813E0,9.609276772E0
2.240112192E0,-2.288136631E-1,1.489233017E0,9.931410789E0
2.256778130E0,-2.659024298E-1,1.409671664E0,9.828818321E0
2.273444067E0,-3.281157911E-1,1.523928881E0,9.864111900E0
2.290110005E0,-3.029911816E-1,1.481456280E0,9.755238533E0
2.306775942E0,-2.665006220E-1,1.601695657E0,9.927223206E0
2.323441880E0,-2.365903407E-1,1.650449395E0,9.557232857E0
2.340107817E0,-1.097707376E-1,1.739282966E0,9.523433685E0
2.356773755E0,3.918246925E-2,1.763211131E0,9.925727844E0
2.373439692E0,1.172483116E-1,1.613659739E0,1.011416245E1
2.390105630E0,4.127619043E-2,1.654636860E0,1.006750202E1
2.406771567E0,-3.050848842E-2,1.698006749E0,1.024098206E1
2.423437505E0,-9.930214286E-2,1.761715651E0,1.040907764E1
2.440103442E0,-5.114658549E-2,1.967199326E0,1.073360443E1
2.456769380E0,2.111666054E-1,2.001296997E0,9.593423843E0
2.473435317E0,5.479564071E-1,1.958525300E0,9.145069122E0
2.490101255E0,4.749752879E-1,2.268096685E0,9.346963882E0
2.506767192E0,5.673980713E-1,2.528914452E0,9.660423279E0
2.523433130E0,7.247261405E-1,2.516052961E0,9.628418922E0
2.540099067E0,7.707880139E-1,2.426920414E0,9.489635468E0
2.556765005E0,9.023932219E-1,2.377568483E0,9.233005524E0
2.573430942E0,8.180462122E-1,2.441875458E0,9.093922615E0
2.590096880E0,4.456632212E-2,2.926122904E0,8.729615211E0
2.606762817E0,-7.396813035E-1,3.603889942E0,8.890233040E0
2.623428755E0,-7.465606928E-1,3.322733402E0,9.081359863E0
2.640094692E0,-6.879365072E-3,2.835494757E0,8.973683357E0
2.656760630E0,4.438686073E-1,2.658126831E0,9.230911255E0
2.673426567E0,5.889334679E-1,2.659323215E0,9.283554077E0
2.690092505E0,6.278168559E-1,2.524727106E0,9.491430283E0
2.706758442E0,5.189434290E-1,2.482852697E0,9.660423279E0
2.723424380E0,3.334996700E-1,2.450848579E0,9.912865639E0
2.740090317E0,3.065803945E-1,2.420938253E0,1.003460121E1
2.756756255E0,2.563311160E-1,2.515155792E0,9.742676735E0
2.773422192E0,4.351946115E-1,2.578266382E0,9.497711182E0
2.790088130E0,5.174478889E-1,2.548655272E0,9.424132347E0
2.806754067E0,5.838487148E-1,2.410170555E0,9.784850121E0
2.823420005E0,4.660021961E-1,2.328216314E0,9.711569786E0
2.840085942E0,4.184448719E-1,2.378465652E0,9.813564301E0
2.856751880E0,4.516452849E-1,2.630609512E0,9.644869804E0
2.873417817E0,7.181459069E-1,2.732603550E0,9.659525871E0
2.890083755E0,8.955138922E-1,2.764009237E0,9.333803177E0
2.906749692E0,9.379864931E-1,2.838485956E0,9.347561836E0
2.923415630E0,9.918249846E-1,2.826222658E0,9.414560318E0
2.940081567E0,9.394819736E-1,2.739183664E0,9.627820969E0
2.956747505E0,9.185447693E-1,2.681456804E0,9.772886276E0
2.973413442E0,1.159023523E0,2.691626310E0,1.001067257E1
2.990079380E0,1.579861164E0,2.741576433E0,9.999007225E0
3.006745317E0,1.639980793E0,2.764308453E0,9.572486877E0
3.023411255E0,1.585544109E0,2.880659342E0,9.584450722E0
3.040077192E0,1.991426587E0,2.845963478E0,9.860523224E0
3.056743130E0,2.830410004E0,2.568396091E0,1.020897770E1
3.073409067E0,1.348355532E0,3.198904753E0,9.939785004E0
3.090075005E0,1.370788217E0,3.219841957E0,9.175278664E0
3.106740942E0,1.398604870E0,3.317050457E0,9.112167358E0
3.123406880E0,1.671685696E0,3.373281717E0,9.184550285E0
3.140072817E0,1.901695848E0,3.452543974E0,9.090332985E0
3.156738755E0,2.106282234E0,3.543770313E0,9.065208435E0
3.173404692E0,2.200798512E0,3.562314749E0,9.046664238E0
3.190070630E0,3.324826956E0,2.994916677E0,9.157332420E0
3.206736567E0,1.489532113E0,4.055535316E0,8.919545174E0
3.223402505E0,1.965703845E0,3.774378538E0,8.633603096E0
3.240068442E0,2.464009047E0,3.747758389E0,8.411968231E0
3.256734380E0,2.786142826E0,3.917648792E0,7.870292664E0
3.273400317E0,2.831606388E0,4.062414646E0,7.743772507E0
3.290066255E0,2.870190859E0,4.064508438E0,7.790132999E0
3.306732192E0,2.881556749E0,3.926621914E0,7.916055679E0
3.323398130E0,3.624228954E0,3.357130051E0,8.438887596E0
3.340064067E0,1.925624013E0,4.062713623E0,8.499007225E0
3.356730005E0,2.831307411E0,3.766003847E0,8.721539497E0
3.373395942E0,3.370589733E0,3.630809307E0,8.944669724E0
3.390061880E0,3.149851799E0,3.612863064E0,8.867800713E0
3.406727817E0,2.677867651E0,3.748057604E0,8.884550095E0
3.423393755E0,2.612364054E0,3.783052683E0,8.848059654E0
3.440059692E0,2.697907448E0,3.722932816E0,8.709276199E0
3.456725630E0,3.104986429E0,3.663112402E0,8.748458862E0
3.473391567E0,3.374179125E0,3.625126362E0,8.701200485E0
3.490057505E0,3.261118174E0,3.573979616E0,8.778368950E0
3.506723442E0,3.905086517E0,3.403491020E0,9.204291344E0
3.523389380E0,2.497508526E0,3.734597921E0,8.845068932E0
3.540055317E0,2.026720762E0,3.908376694E0,8.556734085E0
3.556721255E0,2.614757061E0,3.914657831E0,8.604888916E0
3.573387192E0,2.968296528E0,3.818346739E0,8.779565811E0
3.590053130E0,2.950649500E0,3.911965847E0,8.327919960E0
3.606719067E0,3.158824921E0,3.821337700E0,8.498707771E0
3.623385005E0,3.166601658E0,3.798306942E0,8.599505424E0
3.640050942E0,3.160320520E0,3.803092480E0,8.640183449E0
3.656716880E0,3.827618837E0,3.616452217E0,8.957531929E0
3.673382817E0,2.936591625E0,3.739682674E0,8.728418350E0
3.690048755E0,2.600699186E0,4.201198578E0,8.538787842E0
3.706714692E0,2.967399120E0,3.912564039E0,8.491828918E0
3.723380630E0,3.026920557E0,3.826123476E0,8.455039024E0
3.740046567E0,2.918346405E0,3.873680830E0,8.260921478E0
3.756712505E0,2.755634308E0,3.762414455E0,8.441280365E0
3.773378442E0,2.586342096E0,3.788735628E0,8.594420433E0
3.790044380E0,2.496611357E0,3.804887056E0,8.864809990E0
3.806710317E0,2.376072884E0,3.771088600E0,9.133105278E0
3.823376255E0,1.979761600E0,3.725026608E0,9.467801094E0
3.840042192E0,1.577169180E0,3.623331785E0,9.755837440E0
3.856708130E0,1.449153185E0,3.663710594E0,9.717850685E0
3.873374067E0,1.572084427E0,3.700799227E0,9.607182503E0
3.890040005E0,1.801795483E0,3.769293785E0,9.209076881E0
3.906705942E0,1.897807479E0,3.861417532E0,8.831908226E0
3.923371880E0,1.926521301E0,3.908675671E0,8.584549904E0
3.940037817E0,2.039881229E0,3.905684710E0,8.628518105E0
3.956703755E0,2.039283037E0,3.848855257E0,8.839685440E0
3.973369692E0,1.889133453E0,3.761816263E0,8.927920341E0
3.990035630E0,1.919342875E0,3.693919897E0,9.209376335E0
4.006701567E0,1.957328916E0,3.724129438E0,9.138189316E0
4.023367505E0,2.129612207E0,3.710669756E0,8.429315567E0
4.040033442E0,2.290529490E0,3.710071564E0,8.004590034E0
4.056699380E0,2.423331022E0,3.969393730E0,8.467302322E0
4.073365317E0,2.313560486E0,3.783351660E0,8.494520187E0
4.090031255E0,2.234298229E0,3.821636915E0,8.872286797E0
4.106697192E0,2.567797899E0,3.622135162E0,9.289237022E0
4.123363130E0,2.829811811E0,3.402593851E0,9.359825134E0
4.140029067E0,2.602493763E0,3.497409344E0,9.261420250E0
4.156695005E0,2.413161755E0,3.558127165E0,8.948857307E0
4.173360942E0,2.449652195E0,3.562015533E0,8.788538933E0
4.190026880E0,2.446063042E0,3.667598963E0,8.589634895E0
4.206692817E0,2.652144909E0,3.600898981E0,8.460422516E0
4.223358755E0,2.837289333E0,3.652942896E0,8.274380684E0
4.240024692E0,2.761616468E0,3.688236952E0,8.148757935E0
4.256690630E0,2.510370016E0,3.742374659E0,8.195118904E0
4.273356567E0,2.323729992E0,3.751646757E0,8.254639626E0
4.290022505E0,2.270489693E0,3.715455294E0,8.200801849E0
4.306688442E0,2.506481647E0,3.552145243E0,8.345566750E0
4.323354380E0,2.964707375E0,3.463610888E0,8.266304970E0
4.340020317E0,3.093321562E0,3.407379389E0,8.133802414E0
4.356686255E0,3.190230846E0,3.357728481E0,8.053044319E0
4.373352192E0,3.031407118E0,3.382853031E0,7.979465485E0
4.390018130E0,2.778067112E0,3.386143208E0,7.910073280E0
4.406684067E0,2.673680305E0,3.290430307E0,7.774280548E0
4.423350005E0,3.084348440E0,3.012862921E0,7.818548203E0
4.440015942E0,4.086342812E0,2.906382322E0,7.829914093E0
4.456681880E0,4.296612263E0,3.013760090E0,7.430013180E0
4.473347817E0,4.050749779E0,3.013461113E0,7.106384277E0
4.490013755E0,3.757030725E0,2.913560629E0,7.147361279E0
4.506679692E0,3.626621723E0,2.706282377E0,7.205686092E0
4.523345630E0,4.214657784E0,2.341077805E0,7.417450905E0
4.540011567E0,5.067699432E0,2.651845694E0,7.307381153E0
4.556677505E0,5.472086430E0,2.467000246E0,6.828517437E0
4.573343442E0,5.558825970E0,2.337189436E0,6.519544601E0
4.590009380E0,5.617151260E0,2.221137524E0,6.467201233E0
4.606675317E0,5.551946640E0,2.015953064E0,6.554240227E0
4.623341255E0,5.635097504E0,1.942373753E0,6.768098831E0
4.640007192E0,5.929115295E0,1.816451430E0,6.817749977E0
4.656673130E0,6.461518288E0,1.536192179E0,6.993323326E0
4.673339067E0,6.805785656E0,1.545165181E0,6.941279411E0
4.690005005E0,6.876972198E0,1.607976794E0,6.649055958E0
4.706670942E0,6.767500877E0,1.816451430E0,6.505486488E0
4.723336880E0,6.958926678E0,1.954637051E0,6.625725746E0
4.740002817E0,7.223931789E0,2.023729801E0,7.029813766E0
4.756668755E0,7.304988384E0,1.960619092E0,7.569395542E0
4.773334692E0,7.330112934E0,1.848455548E0,8.175078392E0
4.790000630E0,7.406683445E0,1.849053741E0,8.510671616E0
4.806666567E0,7.447062492E0,1.989931107E0,8.507381439E0
4.823332505E0,7.264908791E0,1.990230203E0,8.410771370E0
4.839998442E0,6.981359005E0,1.930110574E0,8.647661209E0
4.856664380E0,6.691229343E0,1.787139416E0,9.166305542E0
4.873330317E0,6.655336857E0,1.616650820E0,9.786943436E0
4.889996255E0,6.911369324E0,1.430010676E0,1.025354385E1
4.906662192E0,6.982854843E0,1.449452281E0,1.025773144E1
4.923328130E0,7.066603661E0,1.539183140E0,9.971789360E0
4.939994067E0,7.091429234E0,1.595115423E0,9.967302322E0
4.956660005E0,6.891628265E0,1.637887120E0,1.021735287E1
4.973325942E0,6.549753666E0,1.642074585E0,1.058764172E1
4.989991880E0,6.570691109E0,1.598704576E0,1.083769226E1
5.006657817E0,6.894619465E0,1.585843205E0,1.059033394E1
5.023323755E0,7.128817081E0,1.576570988E0,1.001186943E1
5.039989692E0,6.985546589E0,1.550848126E0,9.507282257E0
5.056655630E0,6.772585392E0,1.413859129E0,9.279366493E0
5.073321567E0,6.670292377E0,1.236191988E0,9.233603477E0
5.089987505E0,6.591329098E0,1.043270707E0,8.906683922E0
5.106653442E0,6.743273258E0,9.912267923E-1,8.483752251E0
5.123319380E0,7.752147198E0,7.579265833E-1,8.391629219E0
5.139985317E0,6.493821621E0,9.807581902E-1,7.747062206E0
5.156651255E0,7.549056530E0,6.720840335E-1,7.448258877E0
5.173317192E0,7.280162811E0,1.785643846E-1,7.255038261E0
5.189983130E0,6.515058041E0,-9.212367237E-2,7.009474754E0
5.206649067E0,5.890531063E0,-4.767699242E-1,6.791429043E0
5.223315005E0,5.640780449E0,-9.658030272E-1,6.474678993E0
5.239980942E0,5.576174259E0,-1.587338686E0,5.733502388E0
5.256646880E0,5.167599678E0,-2.169392824E0,4.912465096E0
5.273312817E0,4.422235489E0,-2.768196583E0,3.996013880E0
5.289978755E0,3.709772348E0,-3.698107481E0,2.459522486E0
5.306644692E0,3.236890793E0,-4.685744762E0,1.232303679E-1
5.323310630E0,3.422633648E0,-5.664110184E0,-1.043868899E0
5.339976567E0,5.438885689E0,-6.616154671E0,-5.919244885E-1
5.356642505E0,7.909774303E0,-7.330711365E0,-2.892324448E0
5.373308442E0,1.065553856E1,-7.481758118E0,-5.345266819E0
5.389974380E0,1.146311569E1,-7.225427151E0,-5.983851433E0
5.406640317E0,1.274387455E1,-6.649953365E0,-3.877269983E0
5.423306255E0,1.598226070E1,-6.095117569E0,-1.332802176E0
5.439972192E0,1.953530312E1,-5.170590401E0,1.426720470E-1
5.456638130E0,2.109422684E1,-3.749552965E0,1.772184253E0
5.473304067E0,2.091267204E1,-2.078764677E0,3.096910715E0
5.489970005E0,2.063989067E1,-2.548356056E-1,4.105784416E0
5.506635942E0,2.056152534E1,1.450050473E0,4.156332970E0
5.523301880E0,1.980868340E1,2.664707184E0,3.700799227E0
5.539967817E0,1.760220146E1,3.582653761E0,3.298804998E0
5.556633755E0,1.455703545E1,4.231407642E0,3.324228764E0
5.573299692E0,1.155045414E1,5.019543648E0,3.482753277E0
5.589965630E0,9.157032967E0,5.819643974E0,3.746861219E0
5.606631567E0,7.663313389E0,6.566802502E0,3.955335855E0
5.623297505E0,6.901498795E0,7.032206535E0,3.962215185E0
5.639963442E0,6.855735779E0,7.596613884E0,4.000500202E0
5.656629380E0,7.094718933E0,8.198109627E0,3.684946775E0
5.673295317E0,6.709474564E0,8.561220169E0,3.661616802E0
5.689961255E0,5.717649937E0,8.483752251E0,4.401597023E0
5.706627192E0,5.459224701E0,8.143672943E0,5.104488850E0
5.723293130E0,6.171089649E0,7.711170197E0,5.114957333E0
5.739959067E0,7.341478825E0,7.561020374E0,4.922335148E0
5.756625005E0,7.572087288E0,7.356733322E0,4.791328430E0
5.773290942E0,6.837490559E0,6.840780735E0,4.547559261E0
5.789956880E0,6.929016113E0,6.384648800E0,4.083351612E0
5.806622817E0,8.125427246E0,6.369993210E0,4.444668293E0
5.823288755E0,1.025503922E1,6.690631390E0,5.731109142E0
5.839954692E0,1.353230953E1,7.754838943E0,6.822834492E0
5.856620630E0,1.803978920E1,9.992726326E0,6.976573467E0
5.873286567E0,2.555145836E1,7.911569118E0,5.211866856E0
5.889952505E0,2.777947426E1,3.934398651E0,8.904291391E-1
5.906618442E0,2.316611290E1,5.982056726E-3,-1.398604870E0
5.923284380E0,1.485434341E1,-2.371885538E0,9.323035479E-1
5.939950317E0,8.301898003E0,-3.334398270E0,5.026124001E0
5.956616255E0,5.727221012E0,-4.271487713E0,6.662216663E0
5.973282192E0,5.884250164E0,-5.264508724E0,5.012963295E0
5.989948130E0,7.018447876E0,-5.864210129E0,2.227418661E0
6.006614067E0,6.956832886E0,-5.186143875E0,-1.064507008E0
6.023280005E0,5.319244862E0,-3.693321705E0,-4.212265015E0
6.039945942E0,3.666701555E0,-2.807080030E0,-5.382056236E0
6.056611880E0,1.830210209E0,-2.539083958E0,-5.402993679E0
6.073277817E0,2.452643216E-2,-2.438286304E0,-4.692325115E0
6.089943755E0,-7.384848595E-1,-2.263909340E0,-3.937389612E0
6.106609692E0,1.495514214E-1,-2.047358990E0,-4.176073551E0
6.123275630E0,8.219345808E-1,-1.751845241E0,-4.410869598E0
6.139941567E0,2.319243431E0,-2.166401863E0,-4.415356159E0
6.156607505E0,5.274678230E0,-3.117548704E0,-4.870889664E0
6.173273442E0,8.815457344E0,-2.755335331E0,-5.377270699E0
6.189939380E0,1.377607822E1,-5.078766346E-1,-3.772583961E0
6.206605317E0,2.357049942E1,2.591726065E0,6.595217586E-1
6.223271255E0,3.661527252E1,4.525126934E0,4.420440674E0
6.239937192E0,4.330321121E1,4.672285080E0,4.802694321E0
6.256603130E0,3.566202927E1,4.542175770E0,6.190830231E0
6.273269067E0,2.311137581E1,4.019941807E0,1.125583744E1
6.289935005E0,1.382393456E1,4.254737854E0,1.180289650E1
6.306600942E0,9.054440498E0,4.343272209E0,8.910871506E0
6.323266880E0,6.169294834E0,4.593621254E0,5.323431969E0
6.339932817E0,4.048357010E0,5.225027561E0,2.375773668E0
6.356598755E0,2.996412039E0,5.711368561E0,6.816553473E-1
6.373264692E0,3.002693415E0,5.836692810E0,1.070189953E0
6.389930630E0,2.600399971E0,6.262016773E0,2.521137714E0
6.406596567E0,1.481157184E0,6.782156467E0,4.663012981E0
6.423262505E0,2.147558331E-1,7.291528702E0,6.818048954E0
6.439928442E0,-4.570291340E-1,7.461120129E0,8.129315376E0
6.456594380E0,-6.263213158E-1,7.367500782E0,8.260322571E0
6.473260317E0,-1.489532143E-1,6.896713257E0,8.039585114E0
6.489926255E0,1.326820135E0,6.547659874E0,8.279166222E0
6.506592192E0,3.803092480E0,6.828218460E0,8.370093346E0
6.523258130E0,6.937989235E0,7.905586720E0,8.641678810E0
6.539924067E0,8.348258972E0,1.020209885E1,1.052722359E1
6.556590005E0,9.809077263E0,1.192852020E1,1.372044468E1
6.573255942E0,1.260120201E1,1.267388439E1,1.554108429E1
6.589921880E0,1.684068489E1,1.168415260E1,1.447747421E1
6.606587817E0,1.805474472E1,9.085846901E0,1.218156052E1
6.623253755E0,1.540858173E1,6.136094570E0,1.017667484E1
6.639919692E0,1.342852020E1,3.258725405E0,7.805985451E0
6.656585630E0,1.234816170E1,5.802595019E-1,5.034199715E0
6.673251567E0,1.117328548E1,-1.884347796E0,2.498405933E0
6.689917505E0,8.905786514E0,-3.813860178E0,1.341476202E0
6.706583442E0,6.079564095E0,-5.369194984E0,1.789831281E0
6.723249380E0,4.447360039E0,-6.569793701E0,1.672582984E0
6.739915317E0,4.817350388E0,-7.130312443E0,1.028913707E-1
6.756581255E0,4.891826630E0,-6.400202274E0,-1.892423630E0
6.773247192E0,4.353441715E0,-5.347958565E0,-3.494418383E0
6.789913130E0,4.391726971E0,-3.895216227E0,-4.790730000E0
6.806579067E0,5.134399414E0,-2.140978098E0,-5.718546867E0
6.823245005E0,6.002993584E0,-5.862415433E-1,-5.670391560E0
6.839910942E0,6.523432732E0,2.566302419E-1,-4.171586990E0
6.856576880E0,6.045466423E0,4.710869491E-1,-2.113161564E0
6.873242817E0,5.551946640E0,7.737790346E-1,-5.210371017E-1
6.889908755E0,5.578267574E0,1.077667475E0,-1.148255825E0
6.906574692E0,5.663212776E0,1.704586983E0,-2.373979092E0
6.923240630E0,7.919644833E0,2.908475876E0,-2.141277075E0
6.939906567E0,1.389841080E1,3.567399502E0,-6.568298340E-1
6.956572505E0,2.264686966E1,3.620041609E0,1.869990945E0
6.973238442E0,2.866063118E1,4.301397800E0,5.700900078E0
6.989904380E0,2.743969345E1,6.069394588E0,1.012134075E1
7.006570317E0,2.208874321E1,7.192824841E0,1.157139111E1
7.023236255E0,1.629781342E1,7.726424217E0,9.950253487E0
7.039902192E0,1.153878880E1,8.102695465E0,7.135995388E0
7.056568130E0,7.710272789E0,8.264510155E0,4.711467743E0
7.073234067E0,4.627718925E0,8.125128746E0,3.847359657E0
7.089900005E0,2.630011082E0,7.607082367E0,3.602992773E0
7.106565942E0,3.419044495E0,6.860521793E0,3.625425339E0
7.123231880E0,5.080560684E0,7.125825882E0,3.446561813E0
7.139897817E0,4.255335808E0,7.852047443E0,4.094717979E0
7.156563755E0,2.111965179E0,8.230412483E0,6.889235497E0
7.173229692E0,3.765704632E-1,8.560921669E0,9.438189507E0
7.189895630E0,1.064806059E-1,8.408080101E0,1.009262657E1
7.206561567E0,7.474579811E-1,7.753942013E0,9.326325417E0
7.223227505E0,2.044367790E0,7.800601959E0,7.789834023E0
7.239893442E0,4.013959885E0,8.064410210E0,5.280062199E0
7.256559380E0,6.276971817E0,8.596215248E0,3.458526134E0
7.273225317E0,7.308278561E0,1.006720352E1,3.615255833E0
7.289891255E0,8.056933403E0,1.203111267E1,6.813861370E0
7.306557192E0,1.216002560E1,1.337318707E1,1.034506989E1
7.323223130E0,2.195474625E1,1.317607784E1,1.216630650E1
7.339889067E0,3.104507828E1,1.141735363E1,9.176474571E0
7.356555005E0,3.347020340E1,8.726922989E0,3.892225027E0
7.373220942E0,2.833879662E1,5.499304771E0,8.874381185E-1
7.389886880E0,2.109452629E1,1.778166294E0,1.586740494E0
7.406552817E0,1.474726486E1,-1.881057739E0,2.390429735E0
7.423218755E0,9.693922997E0,-4.569992065E0,1.716551185E0
7.439884692E0,5.899803162E0,-6.135197163E0,-6.239284873E-1
7.456550630E0,2.906980515E0,-6.848856449E0,-3.263211966E0
7.473216567E0,8.096713424E-1,-7.472784996E0,-5.326124191E0
7.489882505E0,-8.153542876E-1,-7.980063438E0,-6.077171326E0
7.506548442E0,-2.059622049E0,-8.451150894E0,-5.472983360E0
7.523214380E0,-2.963809967E0,-8.758627892E0,-4.748257637E0
7.539880317E0,-2.942274570E0,-9.018847466E0,-4.487439632E0
7.556546255E0,-2.201097727E0,-8.862417221E0,-4.643870354E0
7.573212192E0,-7.962117195E-1,-8.467002869E0,-4.612165451E0
7.589878130E0,1.925624013E0,-8.079365730E0,-5.246861935E0
7.606544067E0,5.557330608E0,-7.736294746E0,-5.558825970E0
7.623210005E0,8.723034859E0,-5.271089077E0,-4.251447678E0
7.639875942E0,1.621077538E1,2.021935135E-1,3.738785386E-1
7.656541880E0,3.300838852E1,5.146961689E0,5.647958755E0
7.673207817E0,4.605884552E1,9.231210709E0,5.718846321E0
7.689873755E0,4.288476562E1,1.227667522E1,4.938786030E0
7.706539692E0,3.010679436E1,1.288654613E1,8.111370087E0
7.723205630E0,1.880250168E1,1.289940739E1,9.152546883E0
7.739871567E0,1.198205948E1,1.228834057E1,7.477271557E0
7.756537505E0,7.444370270E0,1.217079353E1,4.700400829E0
7.773203442E0,5.293222904E0,1.216720390E1,3.082852840E0
7.789869380E0,4.635196686E0,1.146371460E1,2.194218397E0
7.806535317E0,3.950849295E0,1.039113140E1,2.379662037E0
7.823201255E0,3.726821184E0,9.156435013E0,2.685943365E0
7.839867192E0,4.103092670E0,8.585746765E0,3.026920557E0
7.856533130E0,3.249752283E0,8.751749039E0,2.869891644E0
7.873199067E0,1.467697620E0,9.110373497E0,2.365903378E0
7.889865005E0,-2.931207791E-2,8.832506180E0,2.097608089E0
7.906530942E0,-7.477571070E-2,8.129914284E0,2.326720953E0
7.923196880E0,1.596610904E0,7.244569778E0,2.394916296E0
7.939862817E0,3.100200891E0,6.955337048E0,3.077469110E0
7.956528755E0,3.835694790E0,7.761419296E0,4.425226212E0
7.973194692E0,4.639982224E0,1.054845905E1,6.888039112E0
7.989860630E0,8.414958954E0,1.437488174E1,8.993124962E0
8.006526567E0,1.692951965E1,1.672373581E1,9.844371796E0
8.023192505E0,3.035983467E1,1.588953876E1,7.052844524E0
8.039858442E0,3.990779495E1,1.298584843E1,1.045364380E0
8.056524380E0,3.662603760E1,8.921339989E0,-1.973480463E0
8.073190317E0,2.698475838E1,3.145066261E0,6.047859192E-1
8.089856255E0,1.730728531E1,-2.848954439E0,4.980959415E0
8.106522192E0,1.014437199E1,-7.185347080E0,6.635596275E0
8.123188130E0,6.029613972E0,-1.048983574E1,3.199502945E0
8.139854067E0,2.419143677E0,-1.187856960E1,-2.962015390E0
8.156520005E0,-1.312463164E0,-1.170628643E1,-8.134400368E0
8.173185942E0,-3.670589924E0,-1.231825066E1,-1.014287567E1
8.189851880E0,-3.967898130E0,-1.382064438E1,-9.445667267E0
8.206517817E0,-4.395615101E0,-1.449003696E1,-7.987541199E0
8.223183755E0,-5.842674732E0,-1.388405418E1,-6.119643688E0
8.239849692E0,-5.811268806E0,-1.299781227E1,-4.502095699E0
8.256515630E0,-2.077568293E0,-1.233290672E1,-4.301098824E0
8.273181567E0,4.601995945E0,-1.112931728E1,-5.510670662E0
8.289847505E0,1.154536915E1,-8.564809799E0,-6.191129684E0
8.306513442E0,1.797697830E1,-2.325524569E0,-3.753142357E0
8.323179380E0,3.371816254E1,4.045365810E0,-5.952146053E-1
8.339845317E0,4.880789948E1,7.435995579E0,-1.183250785E0
8.356511255E0,4.564428711E1,1.050688457E1,8.602197170E-1
8.373177192E0,3.004547691E1,1.140718365E1,5.905486107E0
8.389843130E0,1.732224083E1,1.134467125E1,6.922735214E0
8.406509067E0,1.063819027E1,1.132343483E1,4.073780537E0
8.423175005E0,7.133901596E0,1.197248840E1,2.608774900E0
8.439840942E0,8.044670105E0,1.366720486E1,2.805584431E0
8.456506880E0,1.107488060E1,1.614467430E1,3.879363775E0
8.473172817E0,1.012522888E1,1.921376801E1,5.501996517E0
8.489838755E0,5.108078003E0,2.144686890E1,7.008278370E0
8.506504692E0,7.971090674E-1,2.244736862E1,7.370193005E0
8.523170630E0,4.289134443E-1,2.180310059E1,7.411170006E0
8.539836567E0,3.625724554E0,1.900230217E1,8.043772697E0
8.556502505E0,6.957430840E0,1.527518177E1,8.545368195E0
8.573168442E0,8.884251595E0,1.258923817E1,7.911569118E0
8.589834380E0,1.041595650E1,1.194497108E1,6.311368942E0
8.606500317E0,1.485942841E1,1.232931805E1,3.948157310E0
8.623166255E0,2.020619011E1,1.194078350E1,2.745165825E0
8.639832192E0,2.645803833E1,1.153220844E1,2.184347868E0
8.656498130E0,3.560011673E1,6.882057190E0,4.043870270E-1
8.673164067E0,3.645734406E1,4.920241535E-1,3.044866920E-1
8.689830005E0,2.755963326E1,-6.463612080E0,-2.476571500E-1
8.706495942E0,1.698963928E1,-1.454626751E1,-2.703889608E-1
8.723161880E0,8.580661774E0,-2.250240326E1,-8.817551732E-1
8.739827817E0,3.984049797E0,-3.128854942E1,-1.778764486E0
8.756493755E0,-3.394218922E0,-3.729991913E1,-4.838287354E0
8.773159692E0,-9.698409081E0,-3.782753372E1,-5.750551224E0
8.789825630E0,-1.194586754E1,-3.659194183E1,-2.091626167E0
8.806491567E0,-9.207581520E0,-3.241736221E1,1.627119422E0
8.823157505E0,6.876373887E-1,-2.465205574E1,-2.363809586E0
8.839823442E0,1.013868904E1,-1.113529968E1,-1.048594666E1
8.856489380E0,1.765394592E1,8.443074226E0,-8.416454315E0
8.873155317E0,2.867857742E1,2.763141823E1,1.435633755E1
8.889821255E0,4.450381088E1,4.759354019E1,5.037759018E1
8.906487192E0,5.928397751E1,6.044030762E1,5.859394455E1
8.923153130E0,5.154767990E1,5.639225006E1,3.376840973E1
8.939819067E0,2.613710022E1,4.205295944E1,1.387478256E1
8.956485005E0,1.352064419E1,2.031835365E1,1.235863018E1
8.973150942E0,1.239691544E1,6.855437160E-1,1.528774357E1
8.989816880E0,1.668425560E1,-1.687717628E1,1.362532997E1
9.006482817E0,1.932294083E1,-3.146322441E1,4.381856441E0
9.023148755E0,1.802931976E1,-3.370051575E1,-9.020044327E0
9.039814692E0,2.340180588E1,-3.135076141E1,-1.699681664E1
9.056480630E0,2.430659103E1,-3.021835899E1,-1.066092205E1
9.073146567E0,1.766501236E1,-2.969253540E1,5.281557560E0
9.089812505E0,1.055055332E1,-2.489343071E1,7.547560692E0
9.106478442E0,6.530910492E0,-1.760549164E1,2.189432681E-1
9.123144380E0,5.129314423E0,-1.015783119E1,-7.104290485E0
9.139810317E0,3.535694599E0,-3.135794163E0,-8.425128937E0
9.156476255E0,-8.982058167E-1,4.884049892E0,-6.145067692E0
9.173142192E0,-6.726523399E0,1.521356678E1,-6.337988973E-1
9.189808130E0,-4.581058979E0,2.312902451E1,1.230808163E1
9.206474067E0,7.918448448E0,2.893909645E1,3.281277847E1
9.223140005E0,2.661835670E1,3.189961624E1,4.434378815E1
9.239805942E0,2.991895676E1,3.365714264E1,3.473271942E1
9.256471880E0,1.864786530E1,3.347259903E1,2.146302032E1
9.273137817E0,1.294756317E1,2.426651192E1,2.623939323E1
9.289803755E0,1.571396542E1,9.749855042E0,3.646213150E1
9.306469692E0,2.226282120E1,2.593221664E-1,3.400888824E1
9.323135630E0,3.107169914E1,-1.683051586E0,2.132304001E1
9.339801567E0,3.679443359E1,-4.213461399E0,9.300004005E0
9.356467505E0,2.964737129E1,-8.895617485E0,2.214856386E0
9.373133442E0,1.997707748E1,-8.607880592E0,-5.925226808E-1
9.389799380E0,1.980449486E1,-1.116999531E1,2.902792931E0
9.406465317E0,2.178455734E1,-1.841486359E1,9.627820969E0
9.423131255E0,2.132034874E1,-2.558465767E1,1.285304642E1
9.439797192E0,1.528594971E1,-2.665813828E1,9.978967667E0
9.456463130E0,3.939184189E0,-2.363480568E1,5.265107155E0
9.473129067E0,-3.326920748E0,-2.073649979E1,4.724030018E0
9.489795005E0,-4.666303158E0,-1.844626999E1,3.351746321E0
9.506460942E0,8.817551732E-1,-1.553240967E1,-5.147559643E-1
9.523126880E0,1.309382439E1,-1.049701405E1,-5.220541000E0
9.539792817E0,2.964677429E1,-1.948654890E0,-9.029017448E0
9.556458755E0,4.361308289E1,7.222734928E0,-1.065224838E1
9.573124692E0,4.514807510E1,1.458694553E1,-5.797211170E0
9.589790630E0,3.792623901E1,1.636780357E1,-8.928219676E-1
9.606456567E0,2.915773964E1,1.561825275E1,-1.253839016E0
9.623122505E0,2.519133759E1,1.388016605E1,-2.787040234E0
9.639788442E0,2.292024994E1,1.341595840E1,-9.963115454E-1
9.656454380E0,1.930439568E1,1.273789215E1,1.747059584E0
9.673120317E0,1.634387589E1,1.174756241E1,5.092823982E0
9.689786255E0,1.342612743E1,1.109013462E1,8.722735405E0
9.706452192E0,1.132433224E1,1.141705418E1,9.334101677E0
9.723118130E0,1.090887833E1,1.227458191E1,6.169594288E0
9.739784067E0,1.118405342E1,1.358554935E1,4.103391647E0
9.756450005E0,1.189023495E1,1.456451321E1,4.427618980E0
9.773115942E0,1.260299683E1,1.584646797E1,5.191527843E0
9.789781880E0,1.071416283E1,1.762194252E1,3.305086374E0
9.806447817E0,6.533003807E0,1.774846268E1,2.534597397E0
9.823113755E0,9.014959335E-1,1.693191147E1,7.864011765E0
9.839779692E0,2.204387933E-1,1.667677689E1,9.734301567E0
9.856445630E0,5.507978439E0,1.875942993E1,1.967199326E0
9.873111567E0,1.056072235E1,2.076790619E1,-2.389831543E0
9.889777505E0,1.443619823E1,1.988166428E1,4.762315273E0
9.906443442E0,1.762493324E1,1.735274887E1,1.442602825E1
9.923109380E0,2.240459633E1,1.625743484E1,2.238186455E1
9.939775317E0,3.263510895E1,1.449601841E1,1.986551285E1
9.956441255E0,4.285395813E1,1.184536934E1,1.335195065E1
9.973107192E0,4.697080994E1,7.274778843E0,5.896512985E0
9.989773130E0,4.393760681E1,1.540080428E0,-1.613061547E0
1.000643907E1,3.664129257E1,-2.635395050E0,-4.536193371E0
1.002310501E1,3.218705368E1,-8.676374435E0,-4.983053207E-1
1.003977094E1,2.710978317E1,-1.919043732E1,7.588837147E0
1.005643688E1,1.958166504E1,-2.961656380E1,1.220518970E1
1.007310282E1,1.037797070E1,-3.507668686E1,9.746564865E0
1.008976876E1,9.493523836E-1,-3.495883942E1,4.355535507E0
1.010643469E1,-7.013363361E0,-3.243082428E1,2.622533560E0
1.012310063E1,-9.974182129E0,-2.915026283E1,2.661417007E0
1.013976657E1,-7.697411537E0,-2.549163628E1,9.131609201E-1
1.015643251E1,-4.848456979E-1,-2.124258232E1,-2.504986286E0
1.017309844E1,9.657432556E0,-1.648714638E1,-6.556632996E0
1.018976438E1,1.657238960E1,-1.027986526E1,-1.150618649E1
1.020643032E1,1.832064629E1,-5.061717033E0,-1.608395576E1
1.022309626E1,1.942942047E1,-1.700997829E0,-1.695913124E1
1.023976219E1,2.177408791E1,-9.317052960E-1,-1.359781265E1
1.025642813E1,2.874318314E1,-1.360917926E0,-8.184649467E0
1.027309407E1,3.827289963E1,1.195813060E0,-6.861419082E-1
1.028976000E1,4.961098862E1,5.197809219E0,7.080960274E0
1.030642594E1,5.022085953E1,9.669396400E0,7.727022648E0
1.032309188E1,3.640978622E1,1.190967655E1,4.499702930E0
1.033975782E1,2.182104683E1,1.138325596E1,3.000599623E0
1.035642376E1,1.292542934E1,1.033669472E1,4.144368649E0
1.037308969E1,7.018447876E0,1.105364418E1,3.293720484E0
1.038975563E1,4.087240219E0,1.258505058E1,5.138586760E-1
1.040642157E1,2.901895761E0,1.498415470E1,-6.038886309E-1
1.042308750E1,1.388435364E0,1.714726639E1,1.525424480E0
1.043975344E1,7.336992621E-1,1.803111458E1,4.825426102E0
1.045641938E1,-4.794618487E-1,1.797727585E1,5.997011662E0
1.047308532E1,-2.535195589E0,1.839990807E1,5.586642742E0
1.048975126E1,-2.157428741E0,1.818246078E1,6.178566933E0
1.050641719E1,1.132702470E0,1.589013672E1,7.696514130E0
1.052308313E1,4.633401871E0,1.274536991E1,9.551549911E0
1.053974907E1,7.647161961E0,1.060349464E1,1.037587738E1
1.055641500E1,1.160130119E1,9.174679756E0,8.858827591E0
1.057308094E1,1.585274887E1,8.347063065E0,6.284150600E0
1.058974688E1,1.974437523E1,6.870990276E0,4.782953262E0
1.060641282E1,2.221646118E1,6.991528511E0,3.879961967E0
1.062307876E1,2.647718048E1,8.420043945E0,2.899203777E0
1.063974469E1,3.315853882E1,7.416553974E0,9.598209858E-1
1.065641063E1,3.605265808E1,2.597109795E0,4.127618968E-1
1.067307657E1,3.102474022E1,-1.790429592E0,1.031306505E0
1.068974250E1,2.163590240E1,-5.236093998E0,2.171187401E0
1.070640844E1,1.248754311E1,-8.079665184E0,4.395316124E0
1.072307438E1,5.740979671E0,-1.034895802E1,7.392326355E0
1.073974032E1,1.367199063E0,-1.211276722E1,8.082655907E0
1.075640626E1,-3.400799036E-1,-1.319611740E1,5.596812248E0
1.077307219E1,-1.211366430E-1,-1.368395424E1,1.467099428E0
1.078973813E1,1.127318621E0,-1.400100327E1,-1.863111496E0
1.080640407E1,-1.292124242E-1,-1.385175133E1,-4.428516388E0
1.082307000E1,-3.273979664E0,-1.285065365E1,-5.569892883E0
1.083973594E1,-4.293322086E0,-1.244088268E1,-5.684150219E0
1.085640188E1,-1.133599758E0,-1.193210888E1,-4.556831837E0
1.087306782E1,5.970690727E0,-1.063011456E1,-4.911268711E0
1.088973376E1,1.129292679E1,-9.091529846E0,-6.103492260E0
1.090639969E1,9.577571869E0,-7.357032299E0,-4.410570145E0
1.092306563E1,6.810272217E0,-2.654537678E0,-4.444667995E-1
1.093973157E1,2.063869286E1,4.665705204E0,3.952344894E0
1.095639750E1,4.571009064E1,1.216780186E1,4.060919285E0
1.097306344E1,5.022624588E1,1.768266106E1,2.168196440E0
1.098972938E1,3.541527176E1,1.976112556E1,6.403492451E0
1.100639532E1,2.546052933E1,1.874656868E1,1.000648499E1
1.102306126E1,2.028306007E1,1.714995766E1,8.735896111E0
1.103972719E1,1.434736443E1,1.587518215E1,5.032704353E0
1.105639313E1,9.050253868E0,1.507687664E1,1.089033365E0
1.107305907E1,5.360520840E0,1.455583954E1,-1.656730533E0
1.108972500E1,2.374876499E0,1.422174168E1,-2.269592285E0
1.110639094E1,-9.463613629E-1,1.405454254E1,-9.607182741E-1
1.112305688E1,-3.773182154E0,1.418285847E1,8.410771489E-1
1.113972282E1,-5.229514122E0,1.472961807E1,2.230409861E0
1.115638876E1,-5.359025478E0,1.555873108E1,1.911267042E0
1.117305469E1,-3.826422453E0,1.622244072E1,2.251945257E0
1.118972063E1,9.074779749E-1,1.654038620E1,4.044169426E0
1.120638657E1,7.870592117E0,1.609741592E1,5.753242970E0
1.122305250E1,1.281266785E1,1.568375587E1,6.968198776E0
1.123971844E1,1.443530083E1,1.667827225E1,7.803293705E0
1.125638438E1,1.929572105E1,1.635255051E1,5.802295685E0
1.127305032E1,2.625046158E1,1.564965820E1,1.542174220E0
1.128971626E1,3.345315552E1,1.296461201E1,-1.655235052E0
1.130638219E1,3.523999786E1,8.271987915E0,-2.645265341E0
1.132304813E1,2.853590584E1,2.641676188E0,-1.118046403E0
1.133971407E1,1.838824463E1,-3.602992773E0,3.086441994E0
1.135638000E1,1.064656544E1,-8.923732758E0,5.917151451E0
1.137304594E1,6.204289913E0,-1.319581890E1,3.862015724E0
1.138971188E1,2.193022013E0,-1.498206043E1,-1.491326690E0
1.140637782E1,-9.816554785E-1,-1.596910000E1,-6.910770893E0
1.142304376E1,-2.304886341E0,-1.731326866E1,-9.747162819E0
1.143970969E1,-2.363510609E0,-1.952184296E1,-8.687441826E0
1.145637563E1,-4.314857483E0,-2.033001900E1,-5.916254044E0
1.147304157E1,-4.912165642E0,-1.972762680E1,-3.378067255E0
1.148970750E1,-2.527419031E-1,-1.832603073E1,-1.596610904E0
1.150637344E1,7.260422230E0,-1.573938942E1,-1.520638824E0
1.152303938E1,1.241157150E1,-1.144307613E1,-2.440679073E0
1.153970532E1,1.408385468E1,-5.537290573E0,-2.496312141E0
1.155637126E1,2.073051834E1,2.012962103E0,9.122636169E-2
1.157303719E1,3.768007660E1,9.117252350E0,3.588336706E0
1.158970313E1,4.937260437E1,1.520549107E1,6.766005039E0
1.160636907E1,4.244927216E1,1.909233093E1,7.430013180E0
1.162303500E1,2.869323349E1,1.923949051E1,5.787041664E0
1.163970094E1,1.838854218E1,1.754806328E1,1.816451430E0
1.165636688E1,1.037497997E1,1.593021679E1,-6.744768620E-1
1.167303282E1,4.269094467E0,1.528864098E1,1.200299621E0
1.168969876E1,2.023131609E0,1.542114353E1,4.753641129E0
1.170636469E1,2.673979282E0,1.667079544E1,6.360720634E0
1.172303063E1,2.140379906E0,1.878186226E1,4.834698200E0
1.173969657E1,-1.448554993E0,2.013949013E1,2.615654230E0
1.175636250E1,-4.492225647E0,1.983051682E1,3.399901867E0
1.177302844E1,-4.393521309E0,1.793061638E1,5.924928188E0
1.178969438E1,-1.527817249E0,1.541396523E1,7.930113316E0
1.180636032E1,2.719442844E0,1.318086338E1,7.667201996E0
1.182302626E1,6.108277798E0,1.185194969E1,5.167001247E0
1.183969219E1,8.534899712E0,1.328704548E1,3.659523249E0
1.185635813E1,1.284975624E1,1.571276855E1,4.474279404E0
1.187302407E1,2.133470535E1,1.675783348E1,5.426323414E0
1.188969000E1,3.274188995E1,1.735544205E1,3.515355587E0
1.190635594E1,4.152773666E1,1.490309811E1,-1.212263823E0
1.192302188E1,3.951955795E1,9.763613701E0,-3.544368505E0
1.193968782E1,3.087488937E1,1.933400750E0,-3.511467278E-1
1.195635376E1,2.141815567E1,-5.955436230E0,4.720739841E0
1.197301969E1,1.408983707E1,-1.143739319E1,7.270292282E0
1.198968563E1,1.009023380E1,-1.613540077E1,5.662913799E0
1.200635157E1,6.687939167E0,-2.001386833E1,1.976172447E0
1.202301750E1,2.989532709E0,-2.324866486E1,-1.816152334E0
1.203968344E1,-2.292922258E0,-2.445674133E1,-5.867500305E0
1.205634938E1,-6.925127983E0,-2.378615189E1,-8.914461136E0
1.207301532E1,-8.236992836E0,-2.324387932E1,-9.330811501E0
1.208968126E1,-6.679863453E0,-2.287269211E1,-7.138986588E0
1.210634719E1,-1.815554142E0,-2.154497528E1,-4.975874901E0
1.212301313E1,4.180859566E0,-1.889522362E1,-4.941178799E0
1.213967907E1,1.197129154E1,-1.438684654E1,-5.283651352E0
1.215634500E1,2.398415947E1,-8.180163383E0,-3.334398270E0
1.217301094E1,3.829084396E1,-1.298106313E-1,2.029113531E0
1.218967688E1,4.773292160E1,6.663413048E0,7.628019333E0
1.220634282E1,4.675037003E1,1.223181057E1,1.451216984E1
1.222300876E1,3.882115555E1,1.675843239E1,1.198923779E1
1.223967469E1,2.768406105E1,2.008595085E1,4.026821613E0
1.225634063E1,1.713500214E1,2.164008904E1,3.379862010E-1
1.227300657E1,8.351549149E0,2.260709000E1,1.881655931E0
1.228967250E1,2.120639086E0,2.443729973E1,3.160320520E0
1.230633844E1,-3.035594702E0,2.836780930E1,1.727617979E0
1.232300438E1,-6.695117950E0,3.264288712E1,3.394817114E-1
1.233967032E1,-4.793421745E0,3.413211823E1,3.601796389E0
1.235633626E1,2.574079037E0,3.192832947E1,1.187617683E1
1.237300219E1,1.214177990E1,2.666382027E1,2.034826469E1
1.238966813E1,1.985923195E1,2.098325920E1,2.230738831E1
1.240633407E1,2.548326111E1,1.594277954E1,1.815763474E1
1.242300000E1,2.981995392E1,9.552147865E0,1.366720486E1
1.243966594E1,3.148924637E1,5.994319916E0,1.005793095E1
1.245633188E1,3.911188126E1,1.592423439E0,5.316852093E0
1.247299782E1,4.383980179E1,-4.283152580E0,4.415655136E0
1.248966376E1,4.100131607E1,-1.292513084E1,9.364610672E0
1.250632969E1,3.283161926E1,-2.535674095E1,1.607258987E1
1.252299563E1,2.404457664E1,-3.797439575E1,1.416820240E1
1.253966157E1,1.398245907E1,-4.417718887E1,1.926820397E0
1.255632750E1,3.517449379E0,-4.213132477E1,-1.254138184E1
1.257299344E1,5.712863803E-1,-4.108925247E1,-1.739492416E1
1.258965938E1,1.100399256E0,-4.293591309E1,-7.556533813E0
1.260632532E1,1.081256747E0,-3.893780518E1,2.483151674E0
1.262299126E1,1.133510017E1,-3.067448997E1,2.165504545E-1
1.263965719E1,2.757518768E1,-1.869362831E1,-5.574977875E0
1.265632313E1,4.433720779E1,-3.992723703E0,-3.584149122E0
1.267298907E1,5.292444992E1,1.070249748E1,2.210968018E0
1.268965500E1,5.185515976E1,2.009043884E1,9.392427444E0
1.270632094E1,3.955604935E1,2.980350304E1,1.742064667E1
1.272298688E1,3.434687424E1,3.667180252E1,1.931007957E1
1.273965282E1,3.212244797E1,4.051377869E1,1.181456184E1
1.275631876E1,1.937977028E1,4.069293976E1,5.970391750E0
1.277298469E1,6.248856544E0,3.725564957E1,8.207082748E0
1.278965063E1,5.486443043E0,3.108456039E1,1.363998604E1
1.280631657E1,1.014736271E1,2.278535461E1,1.611236954E1
1.282298250E1,1.154327583E1,1.571635818E1,1.448106384E1
1.283964844E1,1.322782230E1,1.021047306E1,1.179242802E1
1.285631438E1,1.597717571E1,5.907280922E0,1.144487095E1
1.287298032E1,1.637707710E1,3.526123285E0,1.320389462E1
1.288964626E1,1.545524120E1,3.160320520E0,1.569452381E1
1.290631219E1,1.826830292E1,4.133601189E0,2.072363853E1
1.292297813E1,2.235285187E1,4.124029636E0,2.372304153E1
1.293964407E1,2.590649223E1,2.931506872E0,2.513181686E1
1.295631000E1,2.827628517E1,2.805584669E-1,2.321247292E1
1.297297594E1,2.554278374E1,-1.306481123E0,1.848066711E1
1.298964188E1,2.043291092E1,-6.373881102E-1,1.371894932E1
1.300630782E1,1.975723839E1,-1.194317579E0,1.184776211E1
1.302297376E1,2.023430634E1,-2.881257534E0,1.165992546E1
1.303963969E1,1.857428551E1,-4.495814800E0,1.280100250E1
1.305630563E1,1.654936028E1,-6.647859573E0,1.318475151E1
1.307297157E1,1.382154179E1,-8.282755852E0,1.134736347E1
1.308963750E1,1.066451168E1,-8.950352669E0,7.678866863E0
1.310630344E1,8.408378601E0,-1.008006477E1,3.420240879E0
1.312296938E1,6.873383045E0,-1.171735382E1,1.562513232E0
1.313963532E1,5.984150410E0,-1.395105362E1,3.206083298E0
1.315630126E1,7.465008259E0,-1.668874168E1,7.185347080E0
1.317296719E1,7.207480907E0,-1.729173279E1,7.758129120E0
1.318963313E1,6.899106026E0,-1.617697716E1,2.831008196E0
1.320629907E1,9.899106979E0,-1.513490200E1,-4.133601189E0
1.322296500E1,1.718555069E1,-1.271486092E1,-1.151725388E1
1.323963094E1,2.303570366E1,-7.438687325E0,-1.602084541E1
1.325629688E1,2.552184677E1,-8.560323119E-1,-1.617159271E1
1.327296282E1,2.883321381E1,4.456333160E0,-9.667601585E0
1.328962876E1,3.542573929E1,7.816753387E0,-3.004487991E0
1.330629469E1,3.567459106E1,1.161206913E1,-1.062413216E0
1.332296063E1,2.999134064E1,1.512802315E1,-1.620239973E0
1.333962657E1,2.662822723E1,1.786720657E1,7.624131441E-1
1.335629250E1,2.771367264E1,1.897837448E1,4.316053867E0
1.337295844E1,2.664437866E1,1.853749657E1,5.599802971E0
1.338962438E1,2.151925278E1,1.744876099E1,2.452643156E0
1.340629032E1,1.444965744E1,1.686790466E1,-2.172981977E0
1.342295626E1,8.413463593E0,1.676232147E1,-6.158228397E0
1.343962219E1,4.718945503E0,1.648894119E1,-7.628318787E0
1.345628813E1,4.255335808E0,1.575853157E1,-4.031308174E0
1.347295407E1,5.575575829E0,1.467548084E1,7.645068169E-1
1.348962000E1,5.854938030E0,1.418913937E1,4.103391647E0
1.350628594E1,5.067399979E0,1.432134247E1,1.325922847E0
1.352295188E1,3.187838078E0,1.582343674E1,-6.651149750E0
1.353961782E1,3.855734587E0,1.723699760E1,-1.194885921E1
1.355628376E1,7.692924976E0,1.688286018E1,-8.495417595E0
1.357294969E1,1.258235836E1,1.397498131E1,3.327219963E0
1.358961563E1,1.707129478E1,1.208136177E1,1.995853424E1
1.360628157E1,2.119502449E1,1.190788174E1,2.740081024E1
1.362294750E1,2.626750946E1,1.214806175E1,2.195654106E1
1.363961344E1,3.078755188E1,1.388883972E1,1.030469036E1
1.365627938E1,3.537519073E1,1.410299778E1,6.355935335E-1
1.367294532E1,3.651507187E1,9.512965202E0,-2.240280211E-1
1.368961126E1,3.188406181E1,-6.678966284E-1,7.928916931E0
1.370627719E1,2.106282043E1,-1.315125275E1,1.752563095E1
1.372294313E1,1.002323532E1,-2.253949165E1,2.281436729E1
1.373960907E1,6.335895061E0,-2.895524788E1,1.816900063E1
1.375627501E1,5.428118229E0,-3.022793007E1,6.556334019E0
1.377294094E1,3.206980467E0,-2.840130997E1,-2.525026083E0
1.378960688E1,-1.589432478E0,-2.580090904E1,-5.605785370E0
1.380627282E1,-7.584649563E0,-2.217279243E1,-3.720241070E0
1.382293876E1,-9.991230965E0,-1.994477463E1,-4.800600410E-1
1.383960469E1,-6.113362789E0,-1.865205193E1,8.093722463E-1
1.385627063E1,1.510170221E0,-1.753340721E1,-2.226521492E0
1.387293657E1,9.678369522E0,-1.590120411E1,-7.755138397E0
1.388960251E1,1.583510208E1,-1.271785259E1,-1.346471214E1
1.390626844E1,1.810379791E1,-9.612267494E0,-1.751486397E1
1.392293438E1,1.870708656E1,-3.164807081E0,-1.675873184E1
1.393960032E1,3.063680458E1,4.798805714E0,-6.193821430E0
1.395626626E1,5.453033447E1,8.414361000E0,3.393022537E0
1.397293219E1,6.706813049E1,1.098634624E1,4.274179339E-1
1.398959813E1,4.943631363E1,1.472902012E1,-2.604587555E0
1.400626407E1,2.547159767E1,1.443350601E1,-8.413762450E-1
1.402293001E1,9.808479309E0,1.436172104E1,-4.079762697E-1
1.403959594E1,3.733700514E0,1.357627773E1,-3.972085714E-1
1.405626188E1,2.024626970E0,1.351735401E1,1.983649969E0
1.407292782E1,8.712865710E-1,1.430429363E1,4.316053867E0
1.408959376E1,2.884248495E0,1.576032639E1,5.354837894E0
1.410625969E1,2.435295343E0,1.806491280E1,3.982254982E0
1.412292563E1,-1.782353759E0,1.977667999E1,1.854736686E0
1.413959157E1,-3.855136395E0,1.998844337E1,2.528316259E0
1.415625751E1,-1.798206210E0,1.784357834E1,5.365904808E0
1.417292344E1,1.715653777E0,1.414098358E1,9.361918449E0
1.418958938E1,4.496711731E0,1.144756222E1,1.137398338E1
1.420625532E1,6.953841686E0,9.787242889E0,1.040279675E1
1.422292126E1,9.131908417E0,9.228518486E0,8.988937378E0
1.423958719E1,1.068544865E1,9.710971832E0,8.056334496E0
1.425625313E1,1.294128227E1,9.495617867E0,1.170509052E1
1.427291907E1,2.131167412E1,7.593024254E0,2.117887306E1
1.428958501E1,3.649562836E1,1.036989570E0,2.684029198E1
1.430625094E1,4.050659943E1,-5.042574406E0,2.481027985E1
1.432291688E1,3.355933762E1,-7.738388538E0,1.998545265E1
1.433958282E1,2.612663269E1,-9.531808853E0,1.195394325E1
1.435624876E1,1.998276138E1,-9.385547638E0,1.229013562E0
1.437291469E1,1.629572105E1,-8.753543854E0,-7.473682404E0
1.438958063E1,1.347518063E1,-1.034776115E1,-1.012851906E1
1.440624657E1,7.536494255E0,-1.196919823E1,-8.733503342E0
1.442291251E1,2.058724880E0,-1.330887985E1,-7.024429798E0
1.443957844E1,-1.671685696E0,-1.381555939E1,-8.338987350E0
1.445624438E1,-6.377769470E0,-1.284317684E1,-1.196261787E1
1.447291032E1,-1.062024403E1,-1.096361446E1,-1.503649712E1
1.448957626E1,-1.112961674E1,-9.795318604E0,-1.499611855E1
1.450624219E1,-8.543273926E0,-9.766305923E0,-1.229701424E1
1.452290813E1,-3.117548704E0,-1.021137047E1,-8.233104706E0
1.453957407E1,3.747160196E0,-1.010429192E1,-5.446662426E0
1.455624001E1,8.573184013E0,-8.983254433E0,-4.215854168E0
1.457290594E1,1.195872974E1,-8.068299294E0,-2.961716175E0
1.458957188E1,1.611117363E1,-3.032603502E0,9.400802255E-1
1.460623782E1,3.542603683E1,3.670589924E0,5.283053398E0
1.462290376E1,6.082136536E1,7.488338470E0,7.087540627E0
1.463956969E1,6.013133240E1,1.216182041E1,8.356036186E0
1.465623563E1,3.974508286E1,1.253121185E1,9.590433121E0
1.467290157E1,2.075504494E1,1.101416302E1,9.592227936E0
1.468956751E1,8.941379547E0,9.877870560E0,5.827719688E0
1.470623344E1,3.065505028E0,9.444471359E0,2.871387243E0
1.472289938E1,1.630110443E-1,9.470193863E0,2.750848770E0
1.473956532E1,-1.824228168E0,9.453145027E0,3.391826153E0
1.475623126E1,-2.659921408E0,8.849854469E0,3.888037682E0
1.477289719E1,-2.506780863E0,7.885247707E0,4.245166302E0
1.478956313E1,-2.257030010E0,7.978867054E0,4.779962540E0
1.480622907E1,-2.230110645E0,8.900403023E0,5.965605736E0
1.482289501E1,-1.110269666E0,1.105753231E1,7.454240799E0
1.483956094E1,2.473580360E0,1.329242897E1,6.844070911E0
1.485622688E1,4.488935471E0,1.367677593E1,4.281357765E0
1.487289282E1,3.390330553E0,1.319731426E1,2.182254314E0
1.488955876E1,1.369292736E0,1.370997620E1,4.468596280E-1
1.490622469E1,2.942573547E0,1.641506195E1,-2.813959360E0
1.492289063E1,1.150379372E1,2.004258156E1,-6.201299191E0
1.493955657E1,2.781297493E1,2.064617157E1,-6.462415695E0
1.495622251E1,4.122653961E1,1.703540230E1,-3.975375652E0
1.497288844E1,3.988925171E1,1.145174980E1,9.391828775E-1
1.498955438E1,3.170400238E1,4.514060020E0,6.859025955E0
1.500622032E1,2.490390015E1,-2.055733681E0,9.307481766E0
1.502288626E1,2.027917099E1,-6.793522358E0,6.330212116E0
1.503955219E1,1.663609886E1,-1.064088249E1,1.730908036E0
1.505621813E1,1.162732315E1,-1.380927849E1,-1.331306696E0
1.507288407E1,4.846662045E0,-1.622393608E1,-3.766602039E0
1.508955001E1,-1.734198213E0,-1.697079468E1,-4.960022449E0
1.510621594E1,-5.861218929E0,-1.756929970E1,-5.264209747E0
1.512288188E1,-8.788538933E0,-1.777418518E1,-5.846862316E0
1.513954782E1,-1.111167049E1,-1.665853310E1,-6.697510719E0
1.515621376E1,-1.043480015E1,-1.514208126E1,-7.225726128E0
1.517287969E1,-5.577370644E0,-1.393669605E1,-6.751947403E0
1.518954563E1,2.476571321E0,-1.287667561E1,-6.655336857E0
1.520621157E1,1.007139015E1,-1.054457092E1,-6.756134510E0
1.522287751E1,1.536939907E1,-5.194818020E0,-4.349553585E0
1.523954344E1,3.003710175E1,2.779263496E0,7.722834945E-1
1.525620938E1,5.461737442E1,8.365307808E0,3.192922831E0
1.527287532E1,5.951906967E1,1.293111229E1,2.239981174E0
1.528954126E1,3.881607056E1,1.466411400E1,3.528516054E0
1.530620719E1,1.880848312E1,1.254108238E1,5.351547718E0
1.532287313E1,9.107681274E0,1.075364399E1,4.939383984E0
1.533953907E1,4.807479858E0,1.001486015E1,3.933202267E0
1.535620501E1,2.214856386E0,1.007168961E1,4.151547432E0
1.537287094E1,1.432702541E-1,1.028913784E1,4.613661289E0
1.538953688E1,1.555035591E0,1.070160007E1,4.096512318E0
1.540620282E1,1.202393413E0,1.218185997E1,1.767398596E0
1.542286876E1,-1.692921966E-1,1.395643711E1,1.094716340E-1
1.543953469E1,-1.762014747E0,1.594128323E1,1.016949639E-1
1.545620063E1,-1.968694806E0,1.743440437E1,5.539384484E-1
1.547286657E1,2.333002165E-2,1.739791489E1,1.494915962E0
1.548953251E1,2.363211393E0,1.578993797E1,3.022135019E0
1.550619844E1,4.151547432E0,1.377787304E1,4.696811676E0
1.552286438E1,5.420640469E0,1.285932827E1,4.963013172E0
1.553953032E1,6.607779503E0,1.417268848E1,5.502594948E0
1.555619626E1,1.082213879E1,1.602114487E1,5.723930836E0
1.557286219E1,1.985295105E1,1.723609924E1,5.672185898E0
1.558952813E1,3.510988617E1,1.693610001E1,2.564208508E0
1.560619407E1,4.191896439E1,1.410359573E1,-4.139284134E0
1.562286001E1,3.716412354E1,9.400503159E0,-5.670690536E0
1.563952594E1,2.876441956E1,2.540579557E0,-9.714859724E-1
1.565619188E1,1.952064705E1,-4.584947109E0,4.241876125E0
1.567285782E1,1.084068298E1,-9.640084267E0,7.026224613E0
1.568952376E1,6.611069679E0,-1.400549030E1,5.985047817E0
1.570618969E1,5.735895157E0,-1.804188347E1,2.180160522E0
1.572285563E1,3.930809498E0,-2.024387741E1,-1.622632861E0
1.573952157E1,5.560321808E-1,-2.211476517E1,-4.773382187E0
1.575618751E1,-4.471886635E0,-2.304018974E1,-6.955038071E0
1.577285344E1,-9.128020287E0,-2.307997131E1,-6.297011852E0
1.578951938E1,-1.061725330E1,-2.331955147E1,-3.178565741E0
1.580618532E1,-7.455437183E0,-2.434607315E1,-2.952145040E-1
1.582285126E1,8.997012973E-1,-2.414358139E1,1.809572130E-1
1.583951719E1,1.231525993E1,-2.063989067E1,-3.644567966E0
1.585618313E1,2.410888481E1,-1.441884995E1,-7.482954502E0
1.587284907E1,3.881008911E1,-4.739882469E0,-3.782155275E0
1.588951501E1,5.407539749E1,4.467400074E0,4.177569389E0
1.590618094E1,5.400839996E1,1.295623684E1,1.505863094E1
1.592284688E1,4.067259979E1,1.770000839E1,1.780977821E1
1.593951282E1,2.583351135E1,2.259811592E1,1.023918724E1
1.595617876E1,1.229611778E1,2.838276482E1,2.883351326E0
1.597284469E1,4.979763031E0,3.332573700E1,2.335993052E0
1.598951063E1,1.770688772E0,3.639543152E1,5.963212967E0
1.600617657E1,-1.939980984E0,3.664517975E1,9.496813774E0
1.602284250E1,-3.668197155E0,3.513919830E1,9.863214493E0
1.603950844E1,1.187139153E0,3.170699310E1,9.153444290E0
1.605617438E1,1.119900799E1,2.587030029E1,9.418747902E0
1.607284032E1,2.052682877E1,1.896969986E1,9.612865448E0
1.608950626E1,2.645534706E1,1.286530972E1,9.479166985E0
1.610617219E1,2.864597511E1,6.560521603E0,8.382954597E0
1.612283813E1,3.215774155E1,2.598605394E0,8.945866585E0
1.613950407E1,3.824597931E1,-3.450749397E0,7.499704361E0
1.615617000E1,4.110779572E1,-1.258505058E1,6.680760860E0
1.617283594E1,3.775844193E1,-2.561486816E1,1.047039413E1
1.618950188E1,2.726531601E1,-3.783591080E1,1.460758400E1
1.620616782E1,1.295354557E1,-4.068426514E1,9.433403969E0
1.622283376E1,-2.828914642E0,-3.475604630E1,-3.014059305E0
1.623949969E1,-9.903294563E0,-2.680140877E1,-1.095882893E1
1.625616563E1,-8.933303833E0,-2.247668076E1,-9.764211655E0
1.627283157E1,-6.323332787E0,-1.956790543E1,-5.746363640E0
1.628949750E1,-2.440080881E0,-1.534816265E1,-3.864707708E0
1.630616344E1,5.006382942E0,-8.903393745E0,-4.899603367E0
1.632282938E1,1.665823364E1,4.875376076E-2,-6.414260387E0
1.633949532E1,2.654029083E1,1.235115242E1,-6.668497562E0
1.635616126E1,2.973620605E1,2.430060959E1,2.333002165E-2
1.637282719E1,3.154787064E1,3.153560829E1,1.260120201E1
1.638949313E1,2.954059219E1,3.355784225E1,2.155245209E1
1.640615907E1,2.521227455E1,2.884368324E1,2.481865501E1
1.642282500E1,1.931785583E1,2.173849487E1,2.185663986E1
1.643949094E1,1.395195103E1,1.533679676E1,1.750648880E1
1.645615688E1,1.347129250E1,1.005404282E1,1.521745491E1
1.647282282E1,1.745594025E1,6.421737671E0,1.254317665E1
1.648948876E1,1.850369835E1,3.678366661E0,1.124746323E1
1.650615469E1,1.770150375E1,2.732304335E0,8.367402077E0
1.652282063E1,2.095394707E1,5.480760098E0,8.170592308E0
1.653948657E1,2.943022346E1,2.828914642E0,9.407382011E0
1.655615250E1,3.291955566E1,-4.053441525E0,1.070698357E1
1.657281844E1,2.939403152E1,-1.400100327E1,1.242981625E1
1.658948438E1,1.929871368E1,-2.187219429E1,1.502483273E1
1.660615032E1,6.942475796E0,-2.242822647E1,1.659930992E1
1.662281626E1,-4.531407952E-1,-2.015414619E1,1.324696541E1
1.663948219E1,-3.111865759E0,-1.770329857E1,6.265605927E0
1.665614813E1,-3.141177893E0,-1.548455334E1,-3.813561201E-1
1.667281407E1,-1.018445134E0,-1.342104340E1,-6.919744015E0
1.668948000E1,1.778465390E0,-1.044676495E1,-1.190877914E1
1.670614594E1,3.340679407E0,-7.303792000E0,-1.470509148E1
1.672281188E1,5.803492069E0,-4.070789337E0,-1.446969795E1
1.673947782E1,1.197488117E1,7.286145091E-1,-1.211456203E1
1.675614376E1,2.218206406E1,5.668297768E0,-6.269793510E0
1.677280969E1,3.488765335E1,8.593224525E0,6.723831892E-1
1.678947563E1,4.107250214E1,1.060080242E1,7.421638489E0
1.680614157E1,3.371816254E1,1.142752266E1,8.991629601E0
1.682280750E1,2.238934326E1,1.073689461E1,4.374977112E0
1.683947344E1,1.323380470E1,1.038185883E1,-1.921436548E0
1.685613938E1,5.807081223E0,1.135334492E1,-5.197509766E0
1.687280532E1,3.837489188E-1,1.339980698E1,-4.580460548E0
1.688947126E1,-2.039881349E-1,1.578036594E1,-9.376873970E-1
1.690613719E1,2.757728100E0,1.798236084E1,3.135195971E0
1.692280313E1,4.286143780E0,1.894128418E1,5.352445126E0
1.693946907E1,2.914757013E0,1.905344772E1,4.908875465E0
1.695613500E1,8.467600942E-1,1.924756622E1,3.892225027E0
1.697280094E1,2.101496458E0,1.870619011E1,4.493422031E0
1.698946688E1,6.643074036E0,1.651675797E1,8.342276573E0
1.700613282E1,1.297149181E1,1.382184124E1,1.235863018E1
1.702279876E1,1.692263985E1,1.189980602E1,1.489412498E1
1.703946469E1,1.846481323E1,1.157916832E1,1.531675720E1
1.705613063E1,2.192423820E1,1.150229836E1,1.388136196E1
1.707279657E1,2.616342163E1,1.174367428E1,1.076022434E1
1.708946250E1,3.254537964E1,9.824630737E0,9.462716103E0
1.710612844E1,3.808356857E1,4.475475788E0,1.020598698E1
1.712279438E1,3.725205994E1,-3.019443035E0,1.093011475E1
1.713946032E1,3.015255547E1,-1.090289593E1,1.195514011E1
1.715612626E1,2.051007843E1,-1.719721603E1,1.280788231E1
1.717279219E1,1.301665592E1,-2.136581230E1,1.031366348E1
1.718945813E1,5.758925915E0,-2.234507561E1,5.695217133E0
1.720612407E1,-1.116251707E0,-2.147857475E1,1.288235903E0
1.722279000E1,-6.917650223E0,-1.967947006E1,-3.075375319E0
1.723945594E1,-1.008604622E1,-1.692832375E1,-5.991029739E0
1.725612188E1,-1.056221867E1,-1.494168186E1,-6.399304867E0
1.727278782E1,-8.186145782E0,-1.369771290E1,-6.901199818E0
1.728945376E1,-2.904288530E0,-1.276989651E1,-8.089534760E0
1.730611969E1,3.388535976E0,-1.147986603E1,-1.091575813E1
1.732278563E1,6.897610188E0,-1.007707310E1,-1.275254822E1
1.733945157E1,9.301499367E0,-9.244969368E0,-1.215524006E1
1.735611750E1,1.179302597E1,-7.837690353E0,-8.594121933E0
1.737278344E1,2.408704948E1,-2.088934183E0,-3.625126362E0
1.738944938E1,5.125515747E1,4.582554340E0,-3.694518089E0
1.740611532E1,6.617381287E1,1.069681454E1,-5.752345562E0
1.742278126E1,5.620201874E1,1.371805191E1,-3.518645763E0
1.743944719E1,3.236681366E1,1.308395386E1,1.236491084E0
1.745611313E1,1.535504246E1,1.108235836E1,2.481955290E0
1.747277907E1,8.302795410E0,9.949057579E0,8.350951076E-1
1.748944500E1,4.039682865E0,9.621540070E0,-6.496513486E-1
1.750611094E1,4.516452923E-2,9.797711372E0,-7.238288224E-2
1.752277688E1,-3.318845034E0,9.718449593E0,9.711868763E-1
1.753944282E1,-3.117548704E0,9.449854851E0,4.989035130E-1
1.755610876E1,4.220340848E-1,9.885049820E0,-1.033699393E0
1.757277469E1,1.158425212E0,1.085234833E1,-4.495515525E-1
1.758944063E1,-4.920241535E-1,1.207687473E1,2.079961061E0
1.760610657E1,-2.309073806E-1,1.233978653E1,5.298905849E0
1.762277250E1,-1.740778536E-1,1.250369453E1,6.932306290E0
1.763943844E1,1.296610713E0,1.121994495E1,7.717750549E0
1.765610438E1,7.525427341E-1,9.926923752E0,8.097311974E0
1.767277032E1,7.636095285E-1,9.199206352E0,8.175078392E0
1.768943626E1,4.744668007E0,9.660722733E0,8.000102997E0
1.770610219E1,1.172692490E1,1.235833073E1,9.140283585E0
1.772276813E1,2.058216286E1,1.491805267E1,9.987043381E0
1.773943407E1,3.388446045E1,1.652991867E1,7.019345284E0
1.775610000E1,4.471736908E1,1.581984806E1,1.268794179E0
1.777276594E1,4.481607437E1,1.099860954E1,-3.197409213E-1
1.778943188E1,3.558426285E1,3.289233923E0,4.702494621E0
1.780609782E1,2.318734932E1,-3.525225878E0,8.964112282E0
1.782276376E1,1.313181114E1,-7.578069210E0,8.450551987E0
1.783942969E1,7.839784145E0,-1.060140038E1,4.416253090E0
1.785609563E1,4.242474556E0,-1.326610756E1,1.603191197E-1
1.787276157E1,6.652047038E-1,-1.529133320E1,-2.520539522E0
1.788942750E1,-2.379961252E0,-1.610578918E1,-2.600998163E0
1.790609344E1,-5.086243629E0,-1.662114334E1,-2.789433002E0
1.792275938E1,-7.031010151E0,-1.569542122E1,-3.943670750E0
1.793942532E1,-6.761219501E0,-1.418973732E1,-5.541777134E0
1.795609126E1,-3.503989697E0,-1.252044487E1,-7.454539776E0
1.797275719E1,1.773679852E-1,-1.023021412E1,-7.849355698E0
1.798942313E1,1.855334878E0,-8.379365921E0,-7.506882668E0
1.800608907E1,3.128615618E0,-7.192226887E0,-5.858826160E0
1.802275500E1,5.843272686E0,-6.125626087E0,-4.802095890E0
1.803942094E1,1.070339489E1,-2.559422970E0,-3.182454109E0
1.805608688E1,2.407329178E1,6.273981094E0,-1.184447169E0
1.807275282E1,5.506632614E1,1.175773239E1,1.513759375E0
1.808941876E1,7.023712158E1,1.721336746E1,5.236093998E0
1.810608469E1,5.010690308E1,1.711167336E1,1.421276855E1
1.812275063E1,2.071496391E1,1.418225956E1,1.599990749E1
1.813941657E1,5.845665932E0,1.343749332E1,1.005823040E1
1.815608250E1,1.895713687E0,1.330917835E1,1.896311998E0
1.817274844E1,-2.069791555E-1,1.317607784E1,-1.624427438E0
1.818941438E1,-3.248555899E0,1.243011570E1,-9.397810698E-1
1.820608032E1,-4.337888241E0,1.103509998E1,1.272981644E0
1.822274626E1,-4.692923427E-1,1.065434170E1,2.844767094E0
1.823941219E1,2.927618504E0,1.154596710E1,2.623131752E0
1.825607813E1,2.018944025E0,1.312403393E1,1.132702470E0
1.827274407E1,-9.346963167E-1,1.434556961E1,1.857428551E-1
1.828941000E1,-2.854039192E0,1.463869095E1,1.229312643E-1
1.830607594E1,-2.709572554E0,1.390858078E1,1.129412293E0
1.832274188E1,2.126621157E-1,1.211097240E1,2.684448004E0
1.833940782E1,2.661417007E0,1.030080223E1,5.350949764E0
1.835607376E1,3.804588079E0,8.535198212E0,8.661719322E0
1.837273969E1,6.026323795E0,8.197810173E0,1.201914787E1
1.838940563E1,1.111436176E1,1.080658531E1,1.577587986E1
1.840607157E1,2.654836655E1,1.119123173E1,1.877857208E1
1.842273750E1,4.480919266E1,8.061120033E0,1.971626091E1
1.843940344E1,4.707878494E1,4.582255363E0,1.739701653E1
1.845606938E1,3.560190964E1,1.225723386E0,1.339591885E1
1.847273532E1,2.328126717E1,-3.309273720E0,9.494720459E0
1.848940126E1,1.271994591E1,-5.493322372E0,6.010770321E0
1.850606719E1,9.156135559E0,-6.586244106E0,1.341476202E0
1.852273313E1,8.021638870E0,-6.901199818E0,-4.007678986E0
1.853939907E1,6.948457718E0,-7.183552742E0,-8.246563911E0
1.855606500E1,5.298008442E0,-7.342974663E0,-1.022961617E1
1.857273094E1,4.481756687E0,-8.458927155E0,-1.087358475E1
1.858939688E1,3.280559778E0,-8.703293800E0,-1.054606628E1
1.860606282E1,6.281159073E-2,-8.045268059E0,-1.170150089E1
1.862272876E1,-3.682255030E0,-6.900601387E0,-1.283031464E1
1.863939469E1,-5.777470112E0,-6.297909260E0,-1.251625729E1
1.865606063E1,-5.298008442E0,-6.543771744E0,-1.026939678E1
1.867272657E1,-4.038187504E0,-7.464111328E0,-6.515058041E0
1.868939250E1,-1.270588875E0,-8.531908035E0,-2.386541367E0
1.870605844E1,3.523132324E0,-9.452547073E0,-2.227418661E0
1.872272438E1,1.039651489E1,-7.648657799E0,-4.404887199E0
1.873939032E1,2.374786758E1,-2.894717216E0,-2.009671926E0
1.875605626E1,4.697320175E1,-1.674975827E-2,4.665405750E0
1.877272219E1,5.967609787E1,5.289932728E0,9.399007797E0
1.878938813E1,4.646951294E1,1.094237804E1,1.163839054E1
1.880605407E1,2.786950493E1,1.303220940E1,9.023932457E0
1.882272000E1,1.647518158E1,1.408774376E1,3.975076675E0
1.883938594E1,1.058943653E1,1.366391468E1,-8.554341197E-1
1.885605188E1,6.396314144E0,1.289970684E1,-2.845365286E0
1.887271782E1,3.547957659E0,1.133510017E1,-2.584547520E0
1.888938376E1,6.616154313E-1,9.706484795E0,-1.341177106E0
1.890604969E1,-5.494518876E-1,7.973483086E0,1.139282703E0
1.892271563E1,-3.323032558E-1,6.735795975E0,3.561417341E0
1.893938157E1,-3.278166950E-1,7.016952515E0,5.539683342E0
1.895604750E1,-6.140581369E-1,8.458029747E0,7.899305820E0
1.897271344E1,-1.180558920E0,1.012343407E1,9.777671814E0
1.898937938E1,-1.618445396E0,1.080419254E1,1.074257755E1
1.900604532E1,-1.982154489E0,9.776474953E0,1.039412212E1
1.902271126E1,-1.843968987E0,8.027919769E0,9.255139351E0
1.903937719E1,-4.396811500E-2,6.591927052E0,8.060821533E0
1.905604313E1,3.097508907E0,6.413362980E0,5.828616619E0
1.907270907E1,5.042574406E0,8.131709099E0,4.899304390E0
1.908937500E1,7.966005802E0,1.150558853E1,7.394420147E0
1.910604094E1,2.186561394E1,1.415294743E1,1.222223854E1
1.912270688E1,4.356312943E1,1.443739414E1,1.338933849E1
1.913937282E1,5.160480881E1,1.343330669E1,3.453740358E0
1.915603876E1,4.283631134E1,9.789635658E0,-2.594118834E0
1.917270469E1,2.534507561E1,4.208376884E0,1.149452209E0
1.918937063E1,1.072762203E1,-4.453641176E-1,7.416553974E0
1.920603657E1,3.532105207E0,-2.879761934E0,1.011745262E1
1.922270250E1,2.106282234E0,-4.610969067E0,7.895417213E0
1.923936844E1,2.104786634E0,-5.767300606E0,1.998306036E0
1.925603438E1,2.816352367E0,-6.624529362E0,-3.100499868E0
1.927270032E1,4.106382847E0,-7.322037220E0,-6.496214390E0
1.928936626E1,5.135894775E0,-7.381259441E0,-8.123931885E0
1.930603219E1,3.815654755E0,-7.313363075E0,-9.438488960E0
1.932269813E1,6.233302951E-1,-7.880761147E0,-1.002622604E1
1.933936407E1,-3.032603502E0,-9.242576599E0,-9.288040161E0
1.935603000E1,-6.485446453E0,-1.026969528E1,-8.295019150E0
1.937269594E1,-8.647361755E0,-1.068305588E1,-5.988636971E0
1.938936188E1,-1.057747269E1,-1.033370399E1,-4.176373005E0
1.940602782E1,-1.092861938E1,-1.006211853E1,-3.935894251E0
1.942269376E1,-9.646963120E0,-1.102493000E1,-5.338387489E0
1.943935969E1,-7.143772125E0,-1.308844090E1,-8.014460564E0
1.945602563E1,-3.634099364E-1,-1.646620941E1,-7.443472862E0
1.947269157E1,2.308655167E1,-2.413849640E1,-3.962813377E0
1.948935750E1,5.476782227E1,-2.722284317E1,-7.471289635E0
1.950602344E1,7.107521057E1,-2.471068001E1,-1.683081627E1
1.952268938E1,6.169205093E1,-1.357179070E1,-3.258725405E0
1.953935532E1,3.909064484E1,-7.559823990E0,1.774726677E1
1.955602126E1,1.849083519E1,-4.950450897E0,1.938605118E1
1.957268719E1,8.429615021E0,-2.072782665E-1,8.789136887E0
1.958935313E1,9.184849739E0,2.725723982E0,1.598405480E0
1.960601907E1,1.039561844E1,4.581058979E0,-2.114956141E0
1.962268500E1,1.000498962E1,6.174080849E0,-3.150151014E0
1.963935094E1,9.855737686E0,7.293323517E0,-2.052443504E0
1.965601688E1,8.692227364E0,7.864310741E0,-2.991028428E-1
1.967268282E1,5.533402443E0,8.076375008E0,1.382453322E0
1.968934876E1,2.152343988E0,8.948558807E0,2.895016193E0
1.970601469E1,2.072782665E-1,9.948160172E0,3.656532049E0
1.972268063E1,-1.525424421E-1,1.046052361E1,4.083950043E0
1.973934657E1,3.996013701E-1,1.061934662E1,4.379762650E0
1.975601250E1,1.445564032E0,1.022841930E1,4.049253941E0
1.977267844E1,2.025823355E0,9.426823616E0,2.727219582E0
1.978934438E1,1.796112537E0,8.669495583E0,1.452144265E0
1.980601032E1,9.637092948E-1,8.062616348E0,5.491527915E-1
1.982267626E1,1.523330688E0,7.671090126E0,1.167996526E0
1.983934219E1,6.640681267E0,6.547659874E0,4.077369690E0
1.985600813E1,1.911057663E1,3.049652576E0,6.785446644E0
1.987267407E1,3.385873795E1,7.085745931E-1,8.100302696E0
1.988934000E1,4.394807434E1,2.659921408E0,9.919745445E0
1.990600594E1,5.197838974E1,-2.014756680E0,1.367408371E1
1.992267188E1,5.208935547E1,-9.049954414E0,1.585065556E1
1.993933782E1,4.326821518E1,-1.273819160E1,1.512742519E1
1.995600376E1,3.196332550E1,-1.343061447E1,1.146162033E1
1.997266969E1,2.233729935E1,-1.345334625E1,7.620542049E0
1.998933563E1,1.536162186E1,-1.307677555E1,5.604887962E0
2.000600157E1,1.152323532E1,-1.301456261E1,4.585246563E0
2.002266750E1,9.587442398E0,-1.296790218E1,3.505784273E0
2.003933344E1,8.134400368E0,-1.252194023E1,1.958824396E0
2.005599938E1,6.949056149E0,-1.202423286E1,4.510470629E-1
2.007266532E1,5.791528225E0,-1.126391315E1,-9.137591720E-1
2.008933126E1,5.119443893E0,-1.057866859E1,-1.883151412E0
2.010599719E1,4.529912472E0,-9.769596100E0,-2.447558403E0
2.012266313E1,3.937090635E0,-8.708079338E0,-2.873181820E0
2.013932907E1,3.632005692E0,-7.774580002E0,-2.940778971E0
2.015599500E1,3.490829229E0,-7.072585583E0,-2.784647465E0
2.017266094E1,3.576671600E0,-7.103094101E0,-2.850450039E0
2.018932688E1,3.839882135E0,-7.448557854E0,-2.777767897E0
2.020599282E1,4.479064941E0,-8.473882675E0,-2.816651344E0
2.022265876E1,5.440082073E0,-1.026520920E1,-3.341576815E0
2.023932469E1,4.299005032E0,-1.042612648E1,-4.773382187E0
2.025599063E1,4.184448719E-1,-8.110472679E0,-7.101299286E0
2.027265657E1,-4.841278553E0,-4.375575542E0,-8.800502777E0
2.028932250E1,-9.144171715E0,-4.088735580E-1,-6.890132904E0
2.030598844E1,-6.452545166E0,1.630708575E0,-4.073780477E-1
2.032265438E1,7.292725086E0,-2.145165443E0,8.420342445E0
2.033932032E1,2.275843620E1,-3.283251762E0,1.553330708E1
2.035598626E1,2.627947426E1,1.418943882E0,9.103493690E0
2.037265219E1,2.536182594E1,3.668197155E0,-7.016952634E-1
2.038931813E1,2.149741745E1,5.157430172E0,-5.144568920E0
2.040598407E1,1.620658684E1,5.656034470E0,-5.433202744E0
2.042265000E1,1.108923721E1,5.781059742E0,-3.463012457E0
2.043931594E1,7.667201996E0,5.516652584E0,-1.473081470E0
2.045598188E1,5.974578857E0,5.399703503E0,9.457631707E-1
2.047264782E1,7.814360619E0,9.535099030E0,6.986443996E0
2.048931376E1,5.714658737E0,3.481556892E0,-2.396112680E0
2.050597969E1,2.977269650E0,5.925825119E0,-6.666403770E0
2.052264563E1,5.307878971E0,7.156334400E0,7.061817646E-1
2.053931157E1,8.346165657E0,5.540281773E0,1.226919770E0
2.055597750E1,8.245068550E0,5.631507874E0,3.105584621E0
2.057264344E1,6.502196312E0,6.605686188E0,8.365307808E0
2.058930938E1,5.385645390E0,7.348358154E0,7.916055679E0
2.060597532E1,5.470590591E0,7.590930939E0,3.958027840E0
2.062264126E1,6.092724800E0,9.327820778E0,1.735992789E0
2.063930719E1,7.946863174E0,1.120499039E1,2.572284341E-1
2.065597313E1,1.079880905E1,1.123729324E1,-6.622136831E-1
2.067263907E1,1.565653801E1,9.774381638E0,-1.172782183E0
2.068930500E1,1.889941025E1,1.097767162E1,-2.780160904E0
2.070597094E1,2.479323196E1,1.108325577E1,-4.134199142E0
2.072263688E1,3.131516838E1,1.007557774E1,-5.629115105E0
2.073930282E1,3.305385208E1,8.800203323E0,-6.565008163E0
2.075596876E1,2.901058197E1,7.213762283E0,-6.209075451E0
2.077263469E1,2.227658081E1,4.742275238E0,-3.084049225E0
2.078930063E1,1.556979752E1,1.940579176E0,1.671984792E-1
2.080596657E1,1.019192886E1,-3.882354796E-1,2.360818624E0
2.082263250E1,6.367599964E0,-1.594816327E0,3.480061531E0
2.083929844E1,4.125824451E0,-2.146361828E0,3.859323740E0
2.085596438E1,3.292224884E0,-2.571087837E0,4.706383228E0
2.087263032E1,3.064906597E0,-2.605783939E0,5.375775337E0
2.088929626E1,3.123830080E0,-2.356930256E0,5.235496044E0
2.090596219E1,3.233301640E0,-1.708774447E0,4.334000111E0
2.092262813E1,3.114856958E0,-1.252044439E0,2.449054003E0
2.093929407E1,4.072883129E0,-1.360917836E-1,1.928016901E0
2.095596000E1,3.681058645E0,1.441675574E-1,2.400300264E0
2.097262594E1,3.164807081E0,4.351946115E-1,3.338884830E0
2.098929188E1,2.369193554E0,5.174478889E-1,5.123930454E0
2.100595782E1,2.059023857E0,4.827519655E-1,7.106982231E0
2.102262376E1,2.251347065E0,1.406680584E0,8.490332603E0
2.103928969E1,2.454437733E0,1.300199986E0,8.196912766E0
2.105595563E1,2.667099953E0,4.205385745E-1,7.280761242E0
2.107262157E1,3.188735247E0,1.661217093E0,6.827022076E0
2.108928750E1,4.105485439E0,2.241775751E0,7.239484787E0
2.110595344E1,4.748257637E0,1.946262121E0,8.383852005E0
2.112261938E1,4.940281391E0,1.578664780E0,8.890831947E0
2.113928532E1,4.520041943E0,1.225723386E0,9.390333176E0
2.115595126E1,3.569792271E0,1.232602715E0,9.486943245E0
2.117261719E1,2.292623281E0,1.728515267E0,9.365508080E0
2.118928313E1,1.750947952E0,1.661815286E0,9.407083511E0
2.120594907E1,1.901097536E0,1.390529037E0,9.764810562E0
2.122261500E1,2.217249393E0,1.220040441E0,1.100937653E1
2.123928094E1,2.009970903E0,1.250848055E0,1.155434227E1
2.125594688E1,1.608874083E0,9.741778970E-1,1.114726353E1
2.127261282E1,1.110568762E0,6.035895348E-1,1.085533905E1
2.128927876E1,6.517450809E-1,5.949155092E-1,1.052183914E1
2.130594469E1,6.678966284E-1,2.063809484E-1,1.024038315E1
2.132261063E1,1.354337573E0,3.113660514E-1,1.100489044E1
2.133927657E1,1.273280740E0,9.577272534E-1,1.222822094E1
2.135594250E1,8.458628058E-1,8.778668046E-1,1.105214882E1
2.137260844E1,6.137589812E-1,8.901300430E-1,1.094118118E1
2.138927438E1,1.127318621E0,9.720842242E-1,1.212682533E1
2.140594032E1,2.210369825E0,1.258923769E0,1.337288761E1
2.142260626E1,2.527418852E0,1.911865234E0,1.360798264E1
2.143927219E1,2.226820469E0,2.373380899E0,1.232901859E1
2.145593813E1,1.547558069E0,3.143570662E0,1.117328548E1
2.147260407E1,1.453639746E0,3.575774431E0,1.010249710E1
2.148927000E1,1.128515005E0,4.276572227E0,1.030169964E1
2.150593594E1,9.774680734E-1,4.588835716E0,1.017009449E1
2.152260188E1,2.172383785E0,5.161617756E0,9.219246864E0
2.153926782E1,2.774178743E0,5.664708614E0,7.880163193E0
2.155593376E1,2.546860695E0,6.087041855E0,6.753741741E0
2.157259969E1,1.242473125E0,6.386443615E0,5.696712494E0
2.158926563E1,4.947160780E-1,6.591030121E0,4.762614250E0
2.160593157E1,-5.234299600E-2,6.695715904E0,4.137489319E0
2.162259750E1,7.121638656E-1,7.006783009E0,4.227519512E0
2.163926344E1,1.562513232E0,7.083353043E0,5.241477966E0
2.165592938E1,1.523629785E0,6.670292377E0,6.012565136E0
2.167259532E1,9.888339639E-1,6.550352097E0,5.885745525E0
2.168926126E1,7.642077208E-1,7.089035988E0,4.945066929E0
2.170592719E1,7.310073376E-1,7.944470406E0,4.209872246E0
2.172259313E1,7.372884750E-1,8.449654579E0,4.077968121E0
2.173925907E1,6.864410043E-1,8.570193291E0,4.999204636E0
2.175592500E1,3.526422381E-1,8.530412674E0,5.787939072E0
2.177259094E1,-3.753740489E-1,8.514560699E0,5.652146339E0
2.178925688E1,-1.532004714E0,8.475975990E0,5.311468124E0
2.180592282E1,-2.439183474E0,8.734400749E0,5.653940678E0
2.182258876E1,-2.422433853E0,9.472287178E0,6.212964058E0
2.183925469E1,-1.185643673E0,9.530911446E0,6.718148708E0
2.185592063E1,-2.811566554E-2,9.203693390E0,5.914160252E0
2.187258657E1,1.046859939E-2,8.655138969E0,5.088636398E0
2.188925250E1,-9.361918569E-1,8.067700386E0,4.651348114E0
2.190591844E1,-2.120339870E0,7.668996811E0,4.338785648E0
2.192258438E1,-2.904288530E0,7.528717518E0,4.658526421E0
2.193925032E1,-2.837887764E0,7.695018291E0,4.703093052E0
2.195591626E1,-1.735693693E0,7.588537693E0,4.427918434E0
2.197258219E1,-8.117650747E-1,7.719843864E0,4.812564373E0
2.198924813E1,-7.594220638E-1,7.647760391E0,4.754239559E0
2.200591407E1,-1.003190875E0,7.554440022E0,5.000102043E0
2.202258001E1,-1.018445134E0,7.325028419E0,5.044668198E0
2.203924594E1,-1.032203913E0,7.285845757E0,4.551148891E0
2.205591188E1,-1.498804331E0,7.608278751E0,4.043570995E0
2.207257782E1,-1.888236165E0,7.690831184E0,4.236791611E0
2.208924376E1,-2.413759947E0,8.183753014E0,4.558028221E0
2.210590969E1,-3.032603502E0,8.287241936E0,4.969593525E0
2.212257563E1,-3.494418383E0,8.351848602E0,5.245067120E0
2.213924157E1,-3.556930780E0,8.434102058E0,5.587839127E0
2.215590751E1,-3.023032188E0,8.455636978E0,6.266503334E0
2.217257344E1,-2.261516571E0,8.414061546E0,7.027122021E0
2.218923938E1,-1.600499272E0,8.141578674E0,6.718447685E0
2.220590532E1,-1.131805062E0,7.809874058E0,5.821737289E0
2.222257126E1,-9.062815905E-1,7.701598644E0,4.890331268E0
2.223923719E1,-1.103091240E0,7.639983654E0,3.474976778E0
2.225590313E1,-1.732702732E0,7.446763039E0,2.513062000E0
2.227256907E1,-2.324627161E0,7.629814148E0,2.539382935E0
2.228923501E1,-2.613859653E0,7.763812065E0,2.584846735E0
2.230590094E1,-2.744567633E0,7.873283863E0,2.190928221E0
2.232256688E1,-2.093420744E0,8.007282257E0,2.770589590E0
2.233923282E1,-3.822534084E-1,7.831409454E0,4.639683247E0
2.235589876E1,1.340878010E0,7.559823990E0,6.317649841E0
2.237256469E1,8.880363107E-1,7.715955734E0,5.860321522E0
2.238923063E1,-1.432702541E-1,8.359026909E0,6.163611889E0
2.240589657E1,-6.852445602E-1,8.414361000E0,6.223133564E0
2.242256251E1,-4.932205677E-1,8.382954597E0,6.317350864E0
2.243922844E1,-2.386840582E-1,8.356634140E0,6.454041004E0
2.245589438E1,-2.919243574E-1,8.306385040E0,6.011966705E0
2.247256032E1,-4.292125702E-1,8.375477791E0,5.465207100E0
2.248922626E1,-3.074777126E-1,8.691329956E0,5.289334297E0
2.250589219E1,-1.528415531E-1,8.868398666E0,5.966503143E0
2.252255813E1,-2.054836452E-1,9.084052086E0,6.894619465E0
2.253922407E1,-2.353939265E-1,9.277272224E0,6.403193474E0
2.255589001E1,3.589234129E-2,9.495318413E0,5.327320576E0
2.257255594E1,2.009970993E-1,9.725926399E0,4.643272400E0
2.258922188E1,2.979064286E-1,9.796515465E0,4.189234257E0
2.260588782E1,6.541379094E-1,9.717850685E0,4.814359188E0
2.262255376E1,8.940183520E-1,9.581459999E0,6.081358910E0
2.263921969E1,1.312164068E0,9.323334694E0,6.837490559E0
2.265588563E1,1.613061547E0,9.003293991E0,7.002894402E0
2.267255157E1,1.438385487E0,8.767003059E0,6.282654762E0
2.268921751E1,9.807581902E-1,8.378169060E0,5.207679272E0
2.270588344E1,6.843472719E-1,7.911868095E0,4.348356724E0
2.272254938E1,7.175477147E-1,7.460821152E0,4.169493675E0
2.273921532E1,1.196112275E0,6.992126942E0,4.808077812E0
2.275588126E1,8.198408484E-1,6.919445038E0,4.629214287E0
2.277254719E1,2.324029058E-1,6.920341969E0,3.664607763E0
2.278921313E1,1.049551845E0,6.508477688E0,4.630411148E0
2.280587907E1,9.239286184E-1,6.259624004E0,5.860022545E0
2.282254501E1,1.019940615E0,6.247660160E0,6.563512325E0
2.283921094E1,1.052243710E0,6.381359100E0,7.402196884E0
2.285587688E1,1.000499010E0,6.282056808E0,8.161319733E0
2.287254282E1,1.145264745E0,6.006882191E0,8.304590225E0
2.288920876E1,1.698904037E0,5.742475033E0,7.415656567E0
2.290587469E1,1.818545222E0,5.621936798E0,6.684948444E0
2.292254063E1,1.265803218E0,5.955436230E0,6.741777897E0
2.293920657E1,9.382855892E-1,6.066403389E0,8.167900085E0
2.295587251E1,6.469594240E-1,5.925526142E0,1.008873844E1
2.297253844E1,3.026920557E-1,5.495416164E0,1.003639507E1
2.298920438E1,3.864408433E-1,5.176871777E0,8.985049248E0
2.300587032E1,-6.460621208E-2,5.441278458E0,8.377571106E0
2.302253626E1,-6.484549642E-1,5.870192051E0,7.748857021E0
2.303920219E1,-4.950151742E-1,6.193821430E0,7.263113976E0
2.305586813E1,2.970091105E-1,6.323931217E0,6.905686378E0
2.307253407E1,7.133602500E-1,6.327221394E0,7.003492832E0
2.308920001E1,6.565307379E-1,6.105586052E0,6.933502674E0
2.310586594E1,2.718844712E-1,6.101996899E0,6.999305248E0
2.312253188E1,2.602194548E-1,6.110671043E0,7.380661488E0
2.313919782E1,8.300103545E-1,6.145965099E0,7.485646725E0
2.315586376E1,1.127617717E0,6.294020653E0,7.865208149E0
2.317252969E1,6.334998012E-1,6.530910492E0,7.985447407E0
2.318919563E1,-6.604190469E-1,7.083652496E0,7.772187233E0
2.320586157E1,-1.180558920E0,7.472187042E0,7.568797112E0
2.322252751E1,-1.068694472E0,7.453941822E0,7.093223572E0
2.323919344E1,-1.027717352E0,7.504190922E0,6.917052269E0
2.325585938E1,-8.108677864E-1,7.207480907E0,6.906882763E0
2.327252532E1,-5.303093195E-1,6.823432922E0,7.832904816E0
2.328919126E1,-4.016951025E-1,6.578467846E0,8.544171333E0
2.330585719E1,-4.073780477E-1,6.639484406E0,8.437391281E0
2.332252313E1,-4.414757788E-1,6.734001160E0,8.242077827E0
2.333918907E1,-6.206383705E-1,6.603592396E0,8.064111710E0
2.335585501E1,-9.281160831E-1,6.553043842E0,7.851449490E0
2.337252094E1,-1.098903775E0,6.579364777E0,7.684250832E0
2.338918688E1,-1.046859860E0,6.499205589E0,7.554141045E0
2.340585282E1,-9.164510965E-1,6.597609997E0,6.973283291E0
2.342251876E1,-9.915258884E-1,6.879065990E0,6.480660915E0
2.343918469E1,-1.865803480E0,7.485646725E0,4.301996231E0
2.345585063E1,-2.933002472E0,7.211668491E0,7.126723289E0
2.347251657E1,-2.648256540E0,6.414260387E0,9.969396591E0
2.348918251E1,-2.292623281E0,6.212964058E0,1.092413235E1
2.350584844E1,-2.341975212E0,5.921039581E0,1.054995537E1
2.352251438E1,-2.417349100E0,5.572884083E0,8.885149002E0
