"Time (s)","Gyroscope x (rad/s)","Gyroscope y (rad/s)","Gyroscope z (rad/s)"
2.872089000E-2,-7.208204269E-1,8.422298431E-1,-3.523162603E-1
4.538682700E-2,-1.215391874E0,9.721912742E-1,-4.301251769E-1
6.205276500E-2,-9.638682604E-1,1.019533277E0,-3.625482321E-1
7.871870200E-2,-5.487092733E-1,6.998219490E-1,-2.394589931E-1
9.538464000E-2,-3.543015718E-1,2.202167511E-1,-2.351829410E-1
1.120505770E-1,-6.075813770E-1,-9.728021920E-2,-4.351648092E-1
1.287165150E-1,-1.080008984E0,-1.026252806E-1,-7.320450544E-1
1.453824520E-1,-1.374522090E0,2.131154537E-1,-8.870519996E-1
1.620483900E-1,-1.346651435E0,6.802743077E-1,-8.228348494E-1
1.787143270E-1,-1.119562387E0,8.998801708E-1,-7.303652167E-1
1.953802650E-1,-7.578541040E-1,5.493965149E-1,-7.021127343E-1
2.120462020E-1,-5.045742989E-1,-2.853502035E-1,-7.555633783E-1
2.287121400E-1,-4.456258714E-1,-9.495893121E-1,-9.924262166E-1
2.453780770E-1,-6.795870662E-1,-6.883682609E-1,-1.093218923E0
2.620440150E-1,-9.867756963E-1,-2.549596727E-1,-1.082757831E0
2.787099520E-1,-1.035339475E0,5.322159454E-2,-8.404735923E-1
2.953758900E-1,-8.882737756E-1,-3.568213880E-1,-8.271108866E-1
3.120418270E-1,-9.453132749E-1,-1.446146011E0,-1.449123979E0
3.287077650E-1,-1.076649189E0,-2.500651360E0,-1.858632445E0
3.453737020E-1,-6.992111206E-1,-3.216584921E0,-1.539990067E0
3.620396400E-1,1.832594397E-3,-3.023627996E0,-1.309846759E0
3.787055770E-1,8.231402636E-1,-2.578078508E0,-1.319162488E0
3.953715150E-1,5.386300087E-1,-1.573816776E0,-1.163391948E0
4.120374520E-1,-1.223943949E0,-5.441278219E-1,-7.330377102E-1
4.287033900E-1,-2.242026567E0,-8.302416205E-1,-9.838740826E-1
4.453693270E-1,-1.155679822E0,-2.161315918E0,-8.644500375E-1
4.620352650E-1,2.243019104E0,-3.093801022E0,-7.765618712E-2
4.787012020E-1,5.061931133E0,-2.540357590E0,6.397281289E-1
4.953671400E-1,4.294837475E0,-9.674571157E-1,4.279107749E-1
5.120330770E-1,1.691560984E0,7.040216774E-2,-3.215439618E-1
5.286990150E-1,4.053087831E-1,-8.005383015E-1,-1.042593479E0
5.453649520E-1,1.819689870E0,-2.806007385E0,-1.140331864E0
5.620308900E-1,4.351266384E0,-3.351967812E0,-5.641336441E-1
5.786968270E-1,4.609051228E0,-1.665980935E0,-4.505127668E-3
5.953627650E-1,2.376034975E0,-3.154352903E-1,-1.542433500E-1
6.120287020E-1,1.347720474E-1,9.437860548E-2,-2.913061380E-1
6.286946400E-1,-6.511818767E-1,-3.084867075E-2,-1.259908676E-1
6.453605770E-1,-1.709657758E-1,-1.007926911E-1,1.341611743E-1
6.620265150E-1,1.005177975E0,-3.410152495E-1,3.589594066E-1
6.786924520E-1,2.346789837E0,-1.313511968E0,4.531853199E-1
6.953583900E-1,3.003087521E0,-2.002643824E0,1.821904182E-1
7.120243270E-1,2.411617756E0,-1.694386125E0,-4.301251769E-1
7.286902650E-1,9.381355643E-1,-6.002510190E-1,-1.235092282E0
7.453562020E-1,-5.631409883E-1,5.534434915E-1,-1.718286276E0
7.620221400E-1,-1.164155602E0,1.009683132E0,-1.624823928E0
7.786880770E-1,-6.855430007E-1,2.026543915E-1,-1.236924767E0
7.953540150E-1,2.379318327E-1,-8.801034093E-1,-1.041066289E0
8.120199520E-1,6.466767192E-1,-1.622456908E0,-1.184085011E0
8.286858900E-1,1.234710440E-1,-1.895895243E0,-1.361006737E0
8.453518270E-1,-6.791289449E-1,-1.540295601E0,-1.358028769E0
8.620177650E-1,-9.379828572E-1,-8.833104968E-1,-1.050916553E0
8.786837020E-1,-7.726675868E-1,-1.411173940E0,-3.605629504E-1
8.953496400E-1,-8.743765950E-1,-3.123275280E0,1.813504845E-1
9.120155770E-1,-1.533117890E0,-3.239263296E0,-1.450803876E-2
9.286815150E-1,-2.371606112E0,-1.563508391E0,-7.187587619E-1
9.453474520E-1,-2.635805130E0,-3.170388341E-1,-1.129412651E0
9.620133900E-1,-1.909257889E0,-2.312886715E-1,-1.014875531E0
9.786793270E-1,-4.218021333E-1,-1.119180679E0,-7.958040833E-1
9.953452650E-1,9.162207842E-1,-2.493015528E0,-7.954223156E-1
1.012011202E0,1.405523539E0,-3.538510561E0,-9.322559834E-1
1.028677140E0,9.978476167E-1,-3.772853613E0,-1.033201456E0
1.045343077E0,3.236819804E-1,-3.033707142E0,-1.179885268E0
1.062009015E0,-3.145953640E-2,-2.731710911E0,-1.737223029E0
1.078674952E0,5.739838481E-1,-3.407327414E0,-2.528292894E0
1.095340890E0,2.175823927E0,-4.470384598E0,-3.384878159E0
1.112006827E0,3.454058647E0,-5.079646111E0,-4.187554359E0
1.128672765E0,3.559127331E0,-4.762607098E0,-4.824839115E0
1.145338702E0,2.978423834E0,-4.428158760E0,-5.233431339E0
1.162004640E0,2.074725866E0,-4.271548271E0,-5.318341255E0
1.178670577E0,1.306410670E0,-4.033616543E0,-5.278177261E0
1.195336515E0,8.509346247E-1,-3.567679405E0,-5.158447742E0
1.212002452E0,8.128319383E-1,-3.292026758E0,-5.079874992E0
1.228668390E0,1.142546177E0,-3.275686026E0,-4.906160355E0
1.245334327E0,1.289153814E0,-3.023246050E0,-4.495201111E0
1.262000265E0,7.855721116E-1,-2.239124775E0,-3.496208191E0
1.278666202E0,-3.281871080E-1,-8.960622549E-1,-1.636124969E0
1.295332140E0,-1.742644548E0,3.023780584E-1,1.663079411E-1
1.311998077E0,-2.285856009E0,8.619301915E-1,1.105436206E0
1.328664015E0,-1.541059136E0,1.487837553E0,9.083559513E-1
1.345329952E0,-2.788597643E-1,2.182543516E0,-5.192350596E-2
1.361995890E0,1.028238177E0,2.411694050E0,-9.724203944E-1
1.378661827E0,1.796476960E0,2.541426659E0,-1.455614448E0
1.395327765E0,1.966373682E0,2.482249022E0,-1.550909281E0
1.411993702E0,1.620547891E0,2.312505007E0,-1.431943417E0
1.428659640E0,9.322559834E-1,2.217362881E0,-1.310763121E0
1.445325577E0,1.747073233E-1,1.992411852E0,-1.300378442E0
1.461991515E0,-4.534907341E-1,1.726685643E0,-1.388953805E0
1.478657452E0,-7.806851864E-1,1.522045970E0,-1.436219454E0
1.495323390E0,-7.559451461E-1,1.321453214E0,-1.461341262E0
1.511989327E0,-3.316232264E-1,1.212032080E0,-1.451338410E0
1.528655265E0,1.472184062E-1,1.347873092E0,-1.461341262E0
1.545321202E0,2.296088040E-1,1.781205297E0,-1.585881352E0
1.561987140E0,-6.154462695E-2,2.064646482E0,-1.775402069E0
1.578653077E0,-1.556941569E-1,1.833205223E0,-1.850996614E0
1.595319015E0,6.169734150E-2,1.594128013E0,-1.684459686E0
1.611984952E0,1.952476501E-1,1.787848473E0,-1.325652957E0
1.628650890E0,-8.704823442E-3,2.341521025E0,-9.172898531E-1
1.645316827E0,-3.698022664E-1,2.811887026E0,-5.376373529E-1
1.661982765E0,-6.319395900E-1,3.098535299E0,-2.018908113E-1
1.678648702E0,-6.887500286E-1,3.479104042E0,1.457676142E-1
1.695314640E0,-5.588648915E-1,4.037587166E0,4.256964028E-1
1.711980577E0,-3.539197743E-1,4.626537323E0,7.816014886E-1
1.728646515E0,-2.561814189E-1,5.107593060E0,1.220889568E0
1.745312452E0,-4.092030525E-1,5.663174629E0,1.677358270E0
1.761978390E0,-7.778599262E-1,6.195772171E0,2.096487999E0
1.778644327E0,-1.251891017E0,6.442637920E0,2.557156324E0
1.795310265E0,-1.240284562E0,6.576341152E0,3.127093077E0
1.811976202E0,-8.474221826E-1,6.718901634E0,3.682216644E0
1.828642140E0,-8.804852366E-1,7.642682076E0,4.151971340E0
1.845308077E0,-1.392084479E0,9.113492012E0,4.370737553E0
1.861974015E0,-1.883677959E0,9.392045975E0,4.062938213E0
1.878639952E0,-1.931554437E0,8.200401306E0,3.467726707E0
1.895305890E0,-1.586568594E0,7.113367558E0,3.025765896E0
1.911971827E0,-1.146440506E0,6.510826111E0,2.942153931E0
1.928637765E0,-7.509055138E-1,6.088260174E0,3.250258684E0
1.945303702E0,-2.558759749E-1,5.197313786E0,3.217501163E0
1.961969640E0,4.369973838E-1,4.316065311E0,2.301356792E0
1.978635577E0,8.313869834E-1,3.177794933E0,1.226081967E0
1.995301515E0,4.893790483E-1,2.224158764E0,6.567559838E-1
2.011967452E0,-2.309832424E-1,1.822744131E0,5.867356062E-1
2.028633390E0,-6.719512343E-1,1.796247840E0,7.489965558E-1
2.045299327E0,-7.160098553E-1,1.696142435E0,1.022893071E0
2.061965265E0,-4.215730429E-1,1.417282701E0,1.280143499E0
2.078631202E0,2.353356630E-1,9.455423355E-1,1.173318505E0
2.095297140E0,9.265291691E-1,3.381900191E-1,8.284090161E-1
2.111963077E0,1.190804482E0,3.321577236E-2,7.174606919E-1
2.128629015E0,1.018158913E0,1.476765573E-1,7.746528983E-1
2.145294952E0,4.870119393E-1,3.901898861E-1,7.879391909E-1
2.161960890E0,1.052214578E-1,5.623773932E-1,7.278453708E-1
2.178626827E0,6.795870606E-3,6.944005489E-1,6.799688339E-1
2.195292765E0,1.262199283E-1,6.455313563E-1,5.862774849E-1
2.211958702E0,2.891681194E-1,3.258963525E-1,5.264890790E-1
2.228624640E0,5.042688847E-1,4.405862093E-2,4.958694875E-1
2.245290577E0,7.486147881E-1,4.031707719E-2,5.140427351E-1
2.261956515E0,9.836450219E-1,1.645517051E-1,5.916988850E-1
2.278622452E0,1.075121999E0,3.288743198E-1,7.270817757E-1
2.295288390E0,9.861648083E-1,5.513054729E-1,9.159153700E-1
2.311954327E0,8.340594769E-1,6.473639607E-1,1.097723961E0
2.328620265E0,7.566323876E-1,5.974257588E-1,1.197753072E0
2.345286202E0,7.634282708E-1,4.682278633E-1,1.206763387E0
2.361952140E0,7.841212749E-1,3.355938494E-1,1.266933560E0
2.378618077E0,5.232056975E-1,1.751654744E-1,1.466228127E0
2.395284015E0,-2.321286201E-1,-1.784488708E-1,1.647960424E0
2.411949952E0,-9.382119179E-1,-4.266890585E-1,1.716988206E0
2.428615890E0,-8.934661150E-1,-2.281579971E-1,1.744477153E0
2.445281827E0,-1.809686869E-1,3.250564337E-1,1.807548881E0
2.461947765E0,7.108938694E-1,8.529199362E-1,1.687666655E0
2.478613702E0,1.250592947E0,1.181717873E0,1.415297389E0
2.495279640E0,1.335579515E0,1.471420527E0,1.121471405E0
2.511945577E0,1.080237985E0,1.765551925E0,8.482621312E-1
2.528611515E0,6.519454122E-1,1.997146010E0,6.734020710E-1
2.545277452E0,2.904661894E-1,2.090073824E0,7.200568318E-1
2.561943390E0,1.219438836E-1,1.996535182E0,9.033926725E-1
2.578609327E0,2.266308367E-1,1.760359526E0,1.035644889E0
2.595275265E0,5.730675459E-1,1.468060732E0,1.090699077E0
2.611941202E0,9.615011811E-1,1.265711784E0,1.061912060E0
2.628607140E0,1.095280528E0,1.124067545E0,9.878447056E-1
2.645273077E0,8.978948593E-1,1.052290916E0,8.591812849E-1
2.661939015E0,4.800633490E-1,1.053283572E0,7.896954417E-1
2.678604952E0,3.642281145E-2,9.955568910E-1,7.577013969E-1
2.695270890E0,-1.669187993E-1,9.218713045E-1,6.468294263E-1
2.711936827E0,-1.130099874E-2,8.666644096E-1,4.987711012E-1
2.728602765E0,3.535379767E-1,8.424589038E-1,3.981311321E-1
2.745268702E0,6.239219904E-1,6.918807030E-1,3.529271185E-1
2.761934640E0,6.589703560E-1,3.766745031E-1,3.494146466E-1
2.778600577E0,5.033525825E-1,5.612320080E-2,3.242164850E-1
2.795266515E0,2.519817352E-1,-6.719512492E-2,2.144898921E-1
2.811932452E0,7.544180006E-2,4.550942779E-2,7.215840369E-2
2.828598390E0,4.161516204E-2,2.024253160E-1,-7.292198390E-2
2.845264327E0,1.001818255E-1,2.661079764E-1,-1.669187993E-1
2.861930265E0,9.666935354E-2,1.879172772E-1,-2.247218788E-1
2.878596202E0,-2.044106275E-1,-7.368556410E-2,-2.525162399E-1
2.895262140E0,-8.348994255E-1,-4.545597434E-1,-3.233001828E-1
2.911928077E0,-1.457599759E0,-7.806088328E-1,-4.508945644E-1
2.928594015E0,-1.657352448E0,-7.889318466E-1,-5.520690680E-1
2.945259952E0,-1.313511968E0,-4.075231552E-1,-6.147590280E-1
2.961925890E0,-6.124683022E-1,1.413388401E-1,-6.344594359E-1
2.978591827E0,2.275471389E-2,3.727038801E-1,-6.404153705E-1
2.995257765E0,3.251327872E-1,2.248746008E-1,-6.365974545E-1
3.011923702E0,2.769508064E-1,-3.565923125E-2,-6.298015714E-1
3.028589640E0,-3.191768378E-2,-2.398407906E-1,-7.368556261E-1
3.045255577E0,-4.329504073E-1,-3.472002745E-1,-9.596685767E-1
3.061921515E0,-8.454368711E-1,-3.619373739E-1,-1.172936678E0
3.078587452E0,-1.153847218E0,-4.293615818E-1,-1.295796871E0
3.095253390E0,-1.224554777E0,-6.393463612E-1,-1.284877658E0
3.111919327E0,-1.078710794E0,-9.528726935E-1,-1.223027706E0
3.128585265E0,-8.606321216E-1,-1.112384796E0,-1.193782449E0
3.145251202E0,-6.982184649E-1,-1.313130260E0,-1.253112793E0
3.161917140E0,-6.437751055E-1,-1.472489595E0,-1.324965715E0
3.178583077E0,-6.370556355E-1,-1.437212110E0,-1.339015603E0
3.195249015E0,-6.136900187E-1,-1.131703377E0,-1.423085809E0
3.211914952E0,-6.191114783E-1,-8.118392825E-1,-1.556788921E0
3.228580890E0,-6.712640524E-1,-7.438042164E-1,-1.814955592E0
3.245246827E0,-7.502946854E-1,-7.813724279E-1,-2.024863958E0
3.261912765E0,-8.085559011E-1,-6.875283122E-1,-2.071900606E0
3.278578702E0,-9.528726935E-1,-4.460076392E-1,-2.042731762E0
3.295244640E0,-1.303127289E0,-1.127045527E-1,-2.177198410E0
3.311910577E0,-1.514181018E0,-5.177079141E-2,-2.247371435E0
3.328576515E0,-1.378645420E0,-3.132972717E-1,-2.354120255E0
3.345242452E0,-1.009301305E0,-8.232166767E-1,-2.305250883E0
3.361908390E0,-6.487383842E-1,-1.032437801E0,-2.218126297E0
3.378574327E0,-8.989638686E-1,-6.017017961E-1,-2.404669285E0
3.395240265E0,-1.067028046E0,-2.302960157E-1,-2.192622662E0
3.411906202E0,-1.293353438E0,-6.757691503E-2,-2.036775827E0
3.428572140E0,-1.345811486E0,-2.108247131E-1,-1.955912709E0
3.445238077E0,-1.148043990E0,-2.217439115E-1,-1.943466306E0
3.461904015E0,-9.102649093E-1,-2.309832424E-1,-1.949269533E0
3.478569952E0,-8.185588121E-1,-1.672242284E-1,-1.973551393E0
3.495235890E0,-9.228639603E-1,-1.406516135E-1,-1.943466306E0
3.511901827E0,-1.099327564E0,-4.370737374E-1,-1.851149321E0
3.528567765E0,-9.600503445E-1,-1.049389362E0,-1.908723354E0
3.545233702E0,-6.206386089E-1,-1.484325051E0,-2.108552456E0
3.561899640E0,-4.148535430E-1,-1.559919596E0,-2.225151300E0
3.578565577E0,-4.626537263E-1,-1.522504091E0,-2.218813658E0
3.595231515E0,-5.639045238E-1,-1.563584805E0,-2.162003279E0
3.611897452E0,-5.571087003E-1,-1.649411321E0,-2.079918146E0
3.628563390E0,-6.485856771E-1,-1.640477419E0,-1.983248830E0
3.645229327E0,-9.747874737E-1,-1.634826899E0,-1.981874466E0
3.661895265E0,-1.253647208E0,-1.690721035E0,-2.051894903E0
3.678561202E0,-1.239597321E0,-1.688201189E0,-2.066326380E0
3.695227140E0,-9.776890874E-1,-1.627878308E0,-1.992488146E0
3.711893077E0,-5.868883133E-1,-1.453323722E0,-1.818009973E0
3.728559015E0,-2.738201320E-1,-1.258152366E0,-1.627649188E0
3.745224952E0,-1.981492639E-1,-1.298774838E0,-1.457599759E0
3.761890890E0,-2.876409590E-1,-1.636583090E0,-1.434234142E0
3.778556827E0,-4.770853817E-1,-1.793498993E0,-1.507079720E0
3.795222765E0,-6.752346754E-1,-1.777158380E0,-1.570304275E0
3.811888702E0,-7.499892116E-1,-1.666591883E0,-1.574809432E0
3.828554640E0,-7.017309070E-1,-1.504483581E0,-1.491426349E0
3.845220577E0,-6.422479749E-1,-1.433776021E0,-1.303279996E0
3.861886515E0,-5.937605500E-1,-1.380325317E0,-1.160032272E0
3.878552452E0,-3.750709891E-1,-1.464701056E0,-1.298927546E0
3.895218390E0,-3.059668839E-1,-1.612759352E0,-1.410944939E0
3.911884327E0,-4.611265361E-1,-1.533576012E0,-1.381317973E0
3.928550265E0,-6.445387006E-1,-1.336113930E0,-1.285030365E0
3.945216202E0,-7.515927553E-1,-1.118035316E0,-1.213940978E0
3.961882140E0,-8.077923059E-1,-9.737184644E-1,-1.175609231E0
3.978548077E0,-8.801034093E-1,-1.179427147E0,-1.244789720E0
3.995214015E0,-1.006628752E0,-1.829081893E0,-1.432783365E0
4.011879952E0,-9.921207428E-1,-2.351294994E0,-1.507461548E0
4.028545890E0,-9.504292607E-1,-2.176587582E0,-1.379179955E0
4.045211827E0,-1.006781459E0,-1.658039689E0,-1.237230301E0
4.061877765E0,-1.040608168E0,-1.337259412E0,-1.136666656E0
4.078543702E0,-1.014264584E0,-1.384066820E0,-1.088408351E0
4.095209640E0,-1.020984173E0,-1.593058944E0,-1.025031090E0
4.111875577E0,-1.066798925E0,-1.757687092E0,-8.994984031E-1
4.128541515E0,-1.147433162E0,-1.708207011E0,-8.916335106E-1
4.145207452E0,-1.391855359E0,-1.318933368E0,-1.025718331E0
4.161873390E0,-1.698738575E0,-1.023885727E0,-1.267773509E0
4.178539327E0,-1.618715286E0,-1.083215952E0,-1.288619280E0
4.195205265E0,-1.094745994E0,-1.334052324E0,-1.012279272E0
4.211871202E0,-5.124391913E-1,-1.527772784E0,-9.632573724E-1
4.228537140E0,-2.046397030E-1,-1.771202445E0,-1.041906238E0
4.245203077E0,-3.299433291E-1,-1.970115304E0,-1.293658853E0
4.261869015E0,-8.621592522E-1,-1.712101221E0,-1.358639598E0
4.278534952E0,-1.360624909E0,-1.303738117E0,-1.018235207E0
4.295200890E0,-1.452636480E0,-8.923971057E-1,-1.033048749E0
4.311866827E0,-1.316413641E0,-5.974257588E-1,-9.093486071E-1
4.328532765E0,-9.857066870E-1,-2.617555559E-1,-5.564214587E-1
4.345198702E0,-6.654608250E-1,4.459312931E-2,-6.139954329E-1
4.361864640E0,-2.758054435E-1,-2.906189263E-1,-7.841976881E-1
4.378530577E0,-2.955058403E-2,-6.430115104E-1,-9.041562080E-1
4.395196515E0,-9.659299254E-2,-6.775254011E-1,-8.681151867E-1
4.411862452E0,-3.466657698E-1,-3.609447181E-1,-7.782417536E-1
4.428528390E0,-5.781835318E-1,3.878991306E-2,-7.153990269E-1
4.445194327E0,-5.329031348E-1,2.480874658E-1,-6.649262905E-1
4.461860265E0,-2.914588451E-1,9.010255337E-2,-6.957749724E-1
4.478526202E0,8.071050793E-2,-2.871064544E-1,-7.316632867E-1
4.495192140E0,4.668534100E-1,-7.204386592E-1,-6.553815603E-1
4.511858077E0,5.781835318E-1,-1.011439323E0,-5.427533388E-1
4.528524015E0,3.312414289E-1,-1.009759426E0,-4.615846872E-1
4.545189952E0,-5.574141070E-2,-6.662244201E-1,-3.768272102E-1
4.561855890E0,-2.709185183E-1,-1.663079411E-1,-1.263726503E-1
4.578521827E0,-2.582430840E-1,-1.924224049E-1,1.057559624E-1
4.595187765E0,-7.941242307E-3,-8.339067698E-1,1.380554438E-1
4.611853702E0,3.159697950E-1,-1.412013888E0,1.854738146E-1
4.628519640E0,5.465712547E-1,-1.402621865E0,4.370737374E-1
4.645185577E0,6.958513260E-1,-1.162017584E0,7.688496709E-1
4.661851515E0,8.635337353E-1,-9.817360640E-1,9.961677194E-1
4.678517452E0,1.114522815E0,-9.421061873E-1,1.087262988E0
4.695183390E0,1.432706952E0,-1.338633776E0,1.116355419E0
4.711849327E0,1.611537695E0,-2.064646482E0,1.265711784E0
4.728515265E0,1.699196696E0,-2.630994558E0,1.505323529E0
4.745181202E0,1.730427146E0,-2.926042318E0,1.674685836E0
4.761847140E0,1.777081966E0,-2.402531147E0,2.325943947E0
4.778513077E0,1.491120934E0,-1.692400813E0,2.920086384E0
4.795179015E0,3.992001414E-1,-8.119156361E-1,3.346775293E0
4.811844952E0,-7.901535630E-1,-1.997527778E-1,3.847379208E0
4.828510890E0,-1.292971611E0,-3.506363928E-1,4.134714603E0
4.845176827E0,-1.238604665E0,-5.275580883E-1,3.815308809E0
4.861842765E0,-6.570614576E-1,-8.503237963E-1,3.745517492E0
4.878508702E0,-5.022072196E-1,-7.795398235E-1,4.093557835E0
4.895174640E0,-7.741947770E-1,-6.433169842E-1,4.544604778E0
4.911840577E0,-9.063706398E-1,-8.239038587E-1,5.089572430E0
4.928506515E0,-8.242093325E-1,-1.078405380E0,5.619497776E0
4.945172452E0,-1.011439323E0,-1.281517982E0,6.020759583E0
4.961838390E0,-1.908494234E0,-1.072296739E0,6.351771832E0
4.978504327E0,-2.806771040E0,-7.790816426E-1,6.715771198E0
4.995170265E0,-2.850524187E0,-4.804451466E-1,6.662778378E0
5.011836202E0,-1.908417940E0,-4.237110913E-1,5.482129574E0
5.028502140E0,-7.864884138E-1,1.027780026E-1,3.370599031E0
5.045168077E0,-6.131555140E-2,8.772017956E-1,1.309312344E0
5.061834015E0,1.895207912E-1,1.225929260E0,-3.930151165E-1
5.078499952E0,-3.748418987E-1,1.287855625E0,-2.155207396E0
5.095165890E0,-1.049694777E0,1.478903651E0,-3.740019560E0
5.111831827E0,-6.342303753E-1,1.795560718E0,-5.181431293E0
5.128497765E0,8.292489648E-1,2.203694582E0,-6.279460907E0
5.145163702E0,2.517602921E0,2.735146999E0,-7.180409908E0
5.161829640E0,4.128071308E0,2.565021276E0,-8.350444794E0
5.178495577E0,5.636373043E0,1.917275429E0,-9.326148987E0
5.195161515E0,5.999532223E0,1.039386392E0,-9.526435852E0
5.211827452E0,4.329733372E0,2.275471240E-1,-9.692591667E0
5.228493390E0,2.036623240E0,1.614210159E-1,-1.016708088E1
5.245159327E0,1.682397962E0,6.444623470E-1,-1.041226673E1
5.261825265E0,4.330267906E0,6.190351248E-1,-9.425261497E0
5.278491202E0,7.739503860E0,1.015562657E-2,-7.269672871E0
5.295157140E0,7.093667030E0,-1.370780587E0,-4.871646404E0
5.311823077E0,2.120540619E0,-3.627009690E-2,-2.323729515E0
5.328489015E0,-1.357570648E0,2.314795732E0,-4.276817143E-1
5.345154952E0,-5.535198450E-1,2.254014730E0,9.578359723E-1
5.361820890E0,1.650403976E0,6.530144215E-1,2.476980209E0
5.378486827E0,2.038379431E0,9.055306911E-1,4.436328888E0
5.395152765E0,-5.451968312E-2,2.410930634E0,7.130777359E0
5.411818702E0,-2.922377110E0,3.956189394E0,1.012630558E1
5.428484640E0,-4.172206402E0,4.679911613E0,1.082857132E1
5.445150577E0,-4.009181976E0,3.770639181E0,9.209092140E0
5.461816515E0,-3.588830471E0,1.669111609E0,7.803797722E0
5.478482452E0,-3.295539141E0,1.952476501E-1,8.652976036E0
5.495148390E0,-4.837972641E0,1.433241516E-1,1.084445381E1
5.511814327E0,-7.287387848E0,9.070578218E-1,1.088583946E1
5.528480265E0,-6.360553265E0,-6.940951347E-1,8.089987755E0
5.545146202E0,-3.798662663E0,-1.927965641E0,6.234943867E0
5.561812140E0,-3.583943605E0,-8.826232553E-1,5.376832008E0
5.578478077E0,-4.622337341E0,3.913352489E-1,4.489932537E0
5.595144015E0,-6.354750156E0,2.365573794E-1,2.730565548E0
5.611809952E0,-7.071370602E0,-4.188241661E-1,4.579195082E-1
5.628475890E0,-4.425868034E0,-2.792415619E-1,-1.847636938E0
5.645141827E0,-7.292198539E-1,1.973856837E-1,-3.771631956E0
5.661807765E0,3.397935331E-1,8.621592522E-1,-4.932351112E0
5.678473702E0,-8.933897316E-2,2.308305264E0,-5.659585953E0
5.695139640E0,3.346775472E-1,3.122740746E0,-6.327871799E0
5.711805577E0,1.301752806E0,3.658010960E0,-7.054342747E0
5.728471515E0,2.488128662E0,4.091648579E0,-7.728890419E0
5.745137452E0,3.580507517E0,4.131507397E0,-8.157717705E0
5.761803390E0,3.385259867E0,4.290179729E0,-8.232777596E0
5.778469327E0,3.405036688E0,4.085845470E0,-8.314404488E0
5.795135265E0,4.539107323E0,3.957105637E0,-8.331737518E0
5.811801202E0,5.184409618E0,3.242317438E0,-7.826094151E0
5.828467140E0,4.960145473E0,2.569831848E0,-7.385431767E0
5.845133077E0,4.819341183E0,2.177809238E0,-6.605128288E0
5.861799015E0,5.151346207E0,1.768759012E0,-5.554059029E0
5.878464952E0,5.027111530E0,2.068235397E0,-3.160156250E0
5.895130890E0,3.969704866E0,1.931325316E0,4.321868420E-1
5.911796827E0,2.107254505E0,1.385670424E0,3.601658821E0
5.928462765E0,1.336419463E0,7.428115606E-1,6.092459679E0
5.945128702E0,2.547306120E-1,-3.352884054E-1,6.458291531E0
5.961794640E0,-2.088928461E0,-4.605920315E-1,5.956236839E0
5.978460577E0,-3.505371094E0,-5.024362803E-1,6.782813549E0
5.995126515E0,-3.001255035E0,-3.885863721E-1,7.956819057E0
6.011792452E0,-1.593211651E0,-1.391244531E-1,8.120302200E0
6.028458390E0,-1.049083948E0,-4.592176080E-1,6.965309143E0
6.045124327E0,-2.025169373E0,-1.252578259E0,5.767250538E0
6.061790265E0,-3.138852358E0,-1.388037443E0,5.939438343E0
6.078456202E0,-4.006509304E0,-7.912226319E-1,6.327490330E0
6.095122140E0,-4.297892094E0,-2.625191510E-1,6.010909557E0
6.111788077E0,-3.121977091E0,-2.706131041E-1,5.851321220E0
6.128454015E0,-2.052505732E0,-8.429934084E-2,4.616686821E0
6.145119952E0,-2.678412914E0,1.343138963E-1,2.023184061E0
6.161785890E0,-4.320112228E0,4.209621847E-1,6.009382382E-2
6.178451827E0,-5.251757145E0,1.804341823E-1,-1.207603335E0
6.195117765E0,-5.526951790E0,-1.792124510E-1,-2.327089310E0
6.211783702E0,-5.667756081E0,7.475458086E-2,-3.138852358E0
6.228449640E0,-4.787347317E0,9.334777594E-1,-3.512548923E0
6.245115577E0,-2.555629253E0,1.497534990E0,-3.758116484E0
6.261781515E0,1.702785492E-2,1.924758554E0,-4.213592529E0
6.278447452E0,1.739284754E0,2.536157846E0,-4.805367947E0
6.295113390E0,2.345644474E0,3.265224934E0,-5.344761372E0
6.311779327E0,2.029827356E0,3.533699989E0,-5.626675606E0
6.328445265E0,1.804036379E0,3.245066404E0,-5.691427231E0
6.345111202E0,2.792644739E0,3.415344954E0,-6.192336082E0
6.361777140E0,5.041696072E0,3.905334949E0,-7.102448463E0
6.378443077E0,7.020287037E0,3.394422770E0,-7.279599190E0
6.395109015E0,7.500350475E0,2.593655586E0,-5.979907990E0
6.411774952E0,6.087573051E0,2.245386124E0,-4.108141899E0
6.428440890E0,3.048138857E0,2.190331936E0,-2.781954527E0
6.445106827E0,8.525381684E-1,2.918711901E0,-2.452545643E0
6.461772765E0,1.773569584E0,3.246975422E0,-1.767842650E0
6.478438702E0,4.816821575E0,2.728198528E0,1.840230078E-1
6.495104640E0,6.867112637E0,1.456454396E0,1.810221434E0
6.511770577E0,5.727544308E0,2.588539422E-1,3.228038549E0
6.528436515E0,1.922086000E0,2.354883701E-1,4.822166443E0
6.545102452E0,-2.495840788E0,1.132314205E0,6.154615402E0
6.561768390E0,-5.327275276E0,2.329991102E0,6.496776104E0
6.578434327E0,-5.704178810E0,2.417955399E0,6.001899242E0
6.595100265E0,-4.126468182E0,1.192408085E0,5.261607647E0
6.611766202E0,-2.395277262E0,-4.756345749E-1,4.411130905E0
6.628432140E0,-1.957745314E0,-2.064341068E0,3.810727119E0
6.645098077E0,-2.640081167E0,-2.747364283E0,4.367377758E0
6.661764015E0,-3.696342707E0,-1.827478290E0,5.181507587E0
6.678429952E0,-4.812698364E0,-5.618428588E-1,5.037114620E0
6.695095890E0,-4.638678074E0,-3.779725730E-1,3.306611061E0
6.711761827E0,-2.123518705E0,-5.969675779E-1,2.066555500E0
6.728427765E0,-8.354339600E-1,-3.307069242E-1,2.093128204E0
6.745093702E0,-2.208123446E0,4.305069447E-1,1.635743141E0
6.761759640E0,-4.391888618E0,1.118569732E0,-4.016435891E-2
6.778425577E0,-5.480373383E0,7.627410293E-1,-1.635590434E0
6.795091515E0,-5.362552643E0,-6.603448391E-1,-2.146273375E0
6.811757452E0,-4.896844864E0,-1.673311353E0,-1.947742343E0
6.828423390E0,-3.578751326E0,-1.118951559E0,-1.590920925E0
6.845089327E0,-8.119156361E-1,2.657261789E-1,-1.474474907E0
6.861755265E0,2.652374983E0,1.271820426E0,-1.890168309E0
6.878421202E0,5.331093311E0,1.791590095E0,-3.314323187E0
6.895087140E0,5.834216595E0,1.584964991E0,-5.200597286E0
6.911753077E0,4.161287308E0,9.263764620E-1,-6.198597431E0
6.928419015E0,1.940488338E0,5.077813268E-1,-6.146292210E0
6.945084952E0,1.490280986E0,1.083674073E0,-5.903397083E0
6.961750890E0,3.565235853E0,2.230648994E0,-5.877053738E0
6.978416827E0,6.597568512E0,2.497367859E0,-5.802375317E0
6.995082765E0,7.984002590E0,1.885892272E0,-5.485641956E0
7.011748702E0,6.375901222E0,1.443626165E0,-5.516185284E0
7.028414640E0,2.729496479E0,1.806327105E0,-5.521530151E0
7.045080577E0,3.865246773E-1,3.006447315E0,-5.156844139E0
7.061746515E0,1.938655734E0,3.270493746E0,-3.324631453E0
7.078412452E0,5.588267326E0,1.757305264E0,-1.451872826E0
7.095078390E0,6.555113792E0,-1.802051067E-2,-1.502727419E-1
7.111744327E0,3.703520536E0,-7.376192510E-2,1.375209332E0
7.128410265E0,-4.897608459E-1,1.288924694E0,2.473926067E0
7.145076202E0,-3.810956240E0,2.703076601E0,3.205131054E0
7.161742140E0,-4.552393436E0,3.165272236E0,4.015137672E0
7.178408077E0,-2.352592945E0,1.772042394E0,4.847593784E0
7.195074015E0,6.371319890E-1,-6.195695996E-1,5.643092632E0
7.211739952E0,1.469435215E0,-1.834350586E0,6.421410561E0
7.228405890E0,-5.557342172E-1,-1.102610946E0,6.893380165E0
7.245071827E0,-4.295448303E0,1.117958903E0,6.272817612E0
7.261737765E0,-7.562963963E0,2.639394045E0,5.263058186E0
7.278403702E0,-8.940158844E0,1.297934890E0,5.371104717E0
7.295069640E0,-7.118865490E0,-1.137048483E0,5.910574913E0
7.311735577E0,-3.546986341E0,-1.332830548E0,4.977097034E0
7.328401515E0,-1.889862895E0,-1.702021956E-1,3.747120857E0
7.345067452E0,-2.815093994E0,8.115338683E-1,2.382678032E0
7.361733390E0,-4.609738350E0,1.239902735E0,9.263001084E-1
7.378399327E0,-5.154018879E0,6.803506613E-2,4.657844082E-2
7.395065265E0,-4.103636742E0,-1.279456258E0,-7.419716120E-1
7.411731202E0,-3.194593668E0,-1.225852847E0,-1.713704824E0
7.428397140E0,-2.810741663E0,-1.168278884E-2,-2.402225733E0
7.445063077E0,-1.660635948E0,7.797688842E-1,-3.052338600E0
7.461729015E0,6.990583539E-1,1.538081169E0,-4.118984699E0
7.478394952E0,2.709108829E0,2.379776478E0,-5.594223499E0
7.495060890E0,3.208490849E0,2.644204617E0,-6.892234802E0
7.511726827E0,2.718577385E0,2.053269148E0,-7.328392029E0
7.528392765E0,1.975002170E0,1.909028769E0,-7.124668598E0
7.545058702E0,2.014631987E0,2.810359716E0,-7.102982998E0
7.561724640E0,3.268431902E0,3.923279047E0,-7.153608322E0
7.578390577E0,5.231293201E0,3.597382784E0,-6.464323997E0
7.595056515E0,5.596895695E0,1.960417747E0,-5.343844891E0
7.611722452E0,3.135874271E0,1.114293694E0,-4.206644058E0
7.628388390E0,-2.948186100E-1,2.466366529E0,-2.956814528E0
7.645054327E0,-8.301652074E-1,4.360658169E0,-1.680183530E0
7.661720265E0,2.417039156E0,4.696481228E0,3.517054021E-1
7.678386202E0,6.134838581E0,3.434434414E0,1.846873283E0
7.695052140E0,7.023112297E0,1.568548083E0,2.583576202E0
7.711718077E0,3.799731731E0,4.280634820E-1,3.406716585E0
7.728384015E0,-2.142302752E0,9.411135316E-1,4.454349518E0
7.745049952E0,-7.021203518E0,2.315101147E0,5.052844524E0
7.761715890E0,-7.992630959E0,2.169409990E0,4.867446899E0
7.778381827E0,-4.350349903E0,-1.291978955E-1,4.451066017E0
7.795047765E0,-2.199113183E-2,-2.131536245E0,3.901516914E0
7.811713702E0,8.465058804E-1,-2.598389626E0,3.562258005E0
7.828379640E0,-1.251051068E0,-2.203160286E0,4.448698997E0
7.845045577E0,-5.144855976E0,-1.554803610E0,6.722185135E0
7.861711515E0,-8.965891838E0,-1.375972867E0,7.889547825E0
7.878377452E0,-8.349146843E0,7.819069177E-2,4.878137112E0
7.895043390E0,-2.818377495E0,2.874882221E-1,1.603596449E0
7.911709327E0,2.119318962E0,-1.100549221E0,1.208443284E0
7.928375265E0,1.478369117E0,-7.387645841E-1,1.250974655E0
7.945041202E0,-2.997589827E0,5.053378940E-1,4.108829200E-1
7.961707140E0,-6.288394928E0,3.740019500E-1,-3.662134409E-1
7.978373077E0,-6.188060284E0,-1.161635756E0,-7.000510097E-1
7.995039015E0,-4.102338791E0,-2.369544506E0,-8.055779338E-1
8.011704952E0,-1.854967237E0,-2.303265572E0,-9.692133069E-1
8.028370890E0,-2.836703360E-1,-1.416442752E0,-1.384830475E0
8.045036827E0,7.108175159E-1,-4.906771481E-1,-2.196135283E0
8.061702765E0,1.437975645E0,1.879936308E-1,-3.701993227E0
8.078368702E0,1.909716010E0,2.907716334E-1,-5.329184532E0
8.095034640E0,1.868177176E0,2.493855506E-1,-6.283507824E0
8.111700577E0,1.821751475E0,8.790344000E-1,-6.674003124E0
8.128366515E0,2.297844172E0,1.676671147E0,-6.711571217E0
8.145032452E0,3.366094112E0,2.370308161E0,-6.699430466E0
8.161698390E0,4.602025986E0,2.741942883E0,-6.876733780E0
8.178364327E0,5.573606491E0,2.759123564E0,-6.188136578E0
8.195030265E0,4.730765820E0,2.252640247E0,-5.056815147E0
8.211696202E0,1.309694052E0,1.980347276E0,-4.436481953E0
8.228362140E0,-2.200411320E0,3.601582289E0,-4.387689114E0
8.245028077E0,-1.468060732E0,5.163563728E0,-3.329976559E0
8.261694015E0,3.489488602E0,5.098659039E0,-8.671225309E-1
8.278359952E0,8.481552124E0,3.414734125E0,6.216312647E-1
8.295025890E0,8.675043106E0,1.316260934E0,1.010675788E0
8.311691827E0,3.515297651E0,7.703005075E-1,1.641928196E0
8.328357765E0,-3.166723013E0,2.082132578E0,2.366871834E0
8.345023702E0,-7.209578991E0,3.512854338E0,3.082270861E0
8.361689640E0,-6.686449528E0,2.752709389E0,3.690615892E0
8.378355577E0,-3.010036230E0,4.153880477E-2,4.424646378E0
8.395021515E0,-4.343248606E-1,-1.790215611E0,4.841714382E0
8.411687452E0,-1.138422847E0,-2.757290840E0,4.911581993E0
8.428353390E0,-4.080958366E0,-2.797379017E0,5.155011654E0
8.445019327E0,-7.412233353E0,-2.380692720E0,6.864974976E0
8.461685265E0,-9.285831451E0,-1.854661822E0,7.692314625E0
8.478351202E0,-6.911018848E0,-3.171151876E-1,4.499553680E0
8.495017140E0,-1.428583622E0,4.017963111E-1,1.524489403E0
8.511683077E0,1.781892538E0,-4.563923478E-1,7.556397319E-1
8.528349015E0,-5.833758786E-2,-6.999746561E-1,6.642391086E-1
8.545014952E0,-3.977951527E0,-5.577958822E-1,5.076286197E-1
8.561680890E0,-5.420432091E0,-9.844849706E-1,3.880518377E-1
8.578346827E0,-3.658316374E0,-2.056858063E0,9.651663154E-2
8.595012765E0,-1.026558280E0,-2.716973782E0,-6.067414284E-1
8.611678702E0,-1.786779426E-2,-2.764774084E0,-1.361846685E0
8.628344640E0,-6.488147378E-1,-2.327013016E0,-1.778532863E0
8.645010577E0,-7.457131743E-1,-1.445611477E0,-2.276387691E0
8.661676515E0,6.285035014E-1,-3.349066079E-1,-3.338757753E0
8.678342452E0,2.790735722E0,2.089921087E-1,-4.786889076E0
8.695008390E0,3.951455116E0,2.641990222E-2,-6.017323494E0
8.711674327E0,3.534539938E0,1.402698308E-1,-6.622766972E0
8.728340265E0,2.875645876E0,7.693078518E-1,-6.692100048E0
8.745006202E0,2.950095177E0,1.253952622E0,-5.944478035E0
8.761672140E0,2.130849123E0,1.338481069E0,-4.557509422E0
8.778338077E0,-4.016435891E-2,1.943924427E0,-3.946033716E0
8.795004015E0,-1.004567146E0,3.873951674E0,-4.545139313E0
8.811669952E0,1.315497279E0,4.914712429E0,-3.726656914E0
8.828335890E0,5.266799927E0,4.623864651E0,-1.725769401E0
8.845001827E0,7.504092216E0,3.457723618E0,-9.156099558E-1
8.861667765E0,6.123308659E0,2.445138931E0,-1.110857606E0
8.878333702E0,1.663613915E0,1.995924354E0,-1.116050005E0
8.894999640E0,-3.862192631E0,2.105880022E0,-9.341649413E-1
8.911665577E0,-7.032657146E0,2.430936337E0,-6.636282206E-1
8.928331515E0,-6.392165184E0,1.252425551E0,2.789361179E-1
8.944997452E0,-3.131827354E0,-1.405218124E0,2.065944672E0
8.961663390E0,6.582067907E-2,-3.038517714E0,3.949775219E0
8.978329327E0,7.448732257E-1,-3.292943001E0,5.077126026E0
8.994995265E0,-2.856098175E0,-2.944826365E0,6.164007187E0
9.011661202E0,-7.707815647E0,-8.445205688E-1,6.301375866E0
9.028327140E0,-5.880718708E0,2.294866323E0,3.607309341E0
9.044993077E0,2.810054302E0,2.187735796E0,8.964440823E-1
9.061659015E0,9.027741432E0,-1.832594350E-2,-1.100014806E0
9.078324952E0,6.254950047E0,-8.820123672E-1,-8.810197115E-1
9.094990890E0,-7.738893032E-1,1.244637012E0,6.498073936E-1
9.111656827E0,-3.200931549E0,2.479118347E0,1.266551733E0
9.128322765E0,-9.004910588E-1,1.435837626E0,1.384143233E0
9.144988702E0,3.990932226E0,-1.016173601E0,-3.222311661E-2
9.161654640E0,7.869771004E0,-2.399629593E0,-2.241415501E0
9.178320577E0,9.118836403E0,-2.875187874E0,-3.356549263E0
9.194986515E0,8.149622917E0,-2.484387159E0,-3.166188478E0
9.211652452E0,6.344594479E0,-2.394589901E0,-1.904981852E0
9.228318390E0,4.577438831E0,-4.120130062E0,-5.122101307E-1
9.244984327E0,1.294880629E0,-5.885453224E0,-2.454683781E0
9.261650265E0,-3.710392714E0,-5.142794132E0,-4.564305305E0
9.278316202E0,-6.175079346E0,-2.034943342E0,-3.019122839E0
9.294982140E0,-3.432525635E0,2.084576041E-1,-2.655734718E-1
9.311648077E0,1.206992388E0,1.466533661E0,1.544113398E0
9.328314015E0,4.172435284E0,1.715613723E0,2.010203362E0
9.344979952E0,4.528111458E0,1.557017922E0,7.189878225E-1
9.361645890E0,2.992092133E0,1.858632445E0,-4.498255551E-1
9.378311827E0,1.701869249E0,2.115730047E0,-9.262236953E-2
9.394977765E0,5.531380773E-1,2.245386124E0,8.266527653E-1
9.411643702E0,-5.584831238E-1,2.405432701E0,1.866115570E0
9.428309640E0,-1.372078657E0,2.177274704E0,3.530340195E0
9.444975577E0,-1.056796074E0,2.110003233E0,4.106156826E0
9.461641515E0,8.392518759E-1,1.505323529E0,3.054400206E0
9.478307452E0,3.128696680E0,1.114370108E0,1.729892731E0
9.494973390E0,3.719708443E0,1.322903991E0,6.931788325E-1
9.511639327E0,2.000963926E0,2.003254652E0,3.440696001E-1
9.528305265E0,2.402989268E-1,2.964297771E0,1.237230301E0
9.544971202E0,1.602756530E-1,2.807305336E0,2.824562311E0
9.561637140E0,7.284562588E-1,1.253723621E0,3.628842115E0
9.578303077E0,1.039768219E0,-9.010255337E-3,3.050887823E0
9.594969015E0,1.374063969E0,-3.992001414E-1,3.379762173E0
9.611634952E0,4.317286909E-1,-8.536071777E-1,5.045361519E0
9.628300890E0,-2.800967693E0,4.406625926E-1,5.830856800E0
9.644966827E0,-3.713217974E0,2.304792881E0,4.169839382E0
9.661632765E0,-6.544652581E-1,1.564806461E0,1.431179762E0
9.678298702E0,2.340146542E0,1.960875988E-1,2.264017612E-1
9.694964640E0,2.199723959E0,-2.542724647E-2,3.429242074E-1
9.711630577E0,-6.012436748E-1,4.297433794E-1,3.936260045E-1
9.728296515E0,-3.670686483E0,7.396045327E-1,1.882227063E-1
9.744962452E0,-5.828032017E0,5.113701820E-1,-4.234056473E-1
9.761628390E0,-6.483489513E0,-4.876991808E-1,-8.920916319E-1
9.778294327E0,-5.006342411E0,-1.000520110E0,-6.055197120E-2
9.794960265E0,-1.579161763E0,6.566796452E-2,2.216522932E0
9.811626202E0,1.617951751E0,1.506850719E0,3.960160017E0
9.828292140E0,2.393902779E0,1.865046501E0,3.088914156E0
9.844958077E0,1.030681610E0,9.088904262E-1,9.391282201E-1
9.861624015E0,2.412915789E-2,-3.100138903E-1,-1.485928595E-1
9.878289952E0,-1.298087649E-3,-1.041982651E0,-4.130973220E-1
9.894955890E0,7.429642975E-2,-1.245018721E0,-3.060432673E-1
9.911621827E0,5.392408967E-1,-1.469740629E0,1.877645552E-1
9.928287765E0,1.830303669E-1,-1.052596331E0,3.594175577E-1
9.944953702E0,-1.581376195E0,-3.526980579E-1,-4.343248606E-1
9.961619640E0,-2.668410063E0,4.245510325E-2,-1.909334183E0
9.978285577E0,-1.317024469E0,1.559995860E-1,-2.717355728E0
9.994951515E0,1.753487349E0,-2.118937224E-1,-2.374889612E0
1.001161745E1,4.176329613E0,-9.022472501E-1,-1.951636553E0
1.002828339E1,4.009410858E0,-1.455614448E0,-2.005163670E0
1.004494933E1,1.809763312E0,-1.190193653E0,-2.487746716E0
1.006161526E1,1.944840699E-1,-5.077813566E-2,-2.640844822E0
1.007828120E1,1.085353971E0,1.662926674E0,-2.447353363E0
1.009494714E1,4.083707333E0,2.362672329E0,-2.370002747E0
1.011161308E1,7.174835682E0,1.003269076E0,-2.735070705E0
1.012827902E1,8.064866066E0,-5.245037675E-1,-3.988870621E0
1.014494495E1,6.293357849E0,-8.214604259E-1,-5.212432861E0
1.016161089E1,3.822104454E0,-3.940077871E-2,-4.974806309E0
1.017827683E1,3.000949621E0,8.566614985E-1,-3.151222229E0
1.019494276E1,3.871355534E0,9.502001405E-1,-2.507599890E-1
1.021160870E1,4.779634953E0,7.844267488E-1,5.752819180E-1
1.022827464E1,5.657142162E0,9.290489554E-1,-1.110704899E0
1.024494058E1,7.243176460E0,7.254782915E-1,-2.535088778E0
1.026160652E1,7.859844208E0,-3.269653618E-1,-1.445611477E0
1.027827245E1,4.371424675E0,2.585485280E-1,1.992182732E0
1.029493839E1,-5.936841965E-1,2.511646986E0,5.264890671E0
1.031160433E1,-1.641164541E0,3.103193045E0,7.203775406E0
1.032827026E1,1.736154079E0,2.330067396E0,7.289144039E0
1.034493620E1,5.663022041E0,1.848858595E0,6.303971767E0
1.036160214E1,7.989347935E0,1.293582559E0,6.222574234E0
1.037826808E1,8.465288162E0,1.130176187E0,6.877115726E0
1.039493402E1,6.943623543E0,1.913533926E0,7.550670624E0
1.041159995E1,3.929234982E0,2.719646454E0,5.859567642E0
1.042826589E1,6.100248694E-1,2.859992504E0,3.171151876E0
1.044493183E1,-7.357102633E-1,1.991877317E0,2.582812548E0
1.046159776E1,-6.683624387E-1,8.177952170E-1,3.318981171E0
1.047826370E1,-1.319467902E0,-6.031526327E-1,3.673435450E0
1.049492964E1,-3.201542377E0,-1.581910729E0,3.200931549E0
1.051159558E1,-5.162418365E0,-1.264337420E0,2.013944864E0
1.052826152E1,-4.848968029E0,-7.586940527E-1,6.477457285E-1
1.054492745E1,-1.013271928E0,-1.448131323E0,-3.973675370E-1
1.056159339E1,2.572657108E0,-2.521878958E0,-1.749516726E0
1.057825933E1,2.037539482E0,-2.684597969E0,-3.065548420E0
1.059492526E1,-3.920224607E-1,-2.167500973E0,-3.725816965E0
1.061159120E1,-1.314199209E0,-1.968282700E0,-4.294837475E0
1.062825714E1,3.147480786E-1,-1.619860649E0,-5.729758739E0
1.064492308E1,2.992397547E0,-1.194164276E0,-7.600608826E0
1.066158902E1,4.019337654E0,-7.386118770E-1,-8.930767059E0
1.067825495E1,2.897178888E0,-1.097265854E-1,-9.456568718E0
1.069492089E1,2.257603407E0,2.166279256E-1,-1.007522202E1
1.071158683E1,3.327227831E0,-1.853974611E-1,-1.096647358E1
1.072825276E1,4.707476616E0,-2.912297845E-1,-1.162574959E1
1.074491870E1,5.755949974E0,-4.133263826E-1,-1.191919327E1
1.076158464E1,5.749688148E0,-6.795870662E-1,-1.174708271E1
1.077825058E1,4.765814304E0,-1.121165991E0,-1.164262486E1
1.079491652E1,3.323028088E0,-1.792429924E0,-1.172234249E1
1.081158245E1,1.530674458E0,-1.493106246E0,-1.127022648E1
1.082824839E1,1.473634958E0,-8.029817343E-1,-9.656931877E0
1.084491433E1,2.493320942E0,-6.242274642E-1,-6.430344582E0
1.086158026E1,5.123628303E-2,4.408916533E-1,-3.044702768E0
1.087824620E1,-2.961243391E0,3.748724461E0,-9.880737662E-1
1.089491214E1,-1.669111609E0,5.347510338E0,8.768200278E-1
1.091157808E1,1.496618748E0,5.238623619E0,3.979554892E0
1.092824402E1,1.935601354E0,5.358047485E0,7.133678913E0
1.094490995E1,1.544724256E-1,5.737929344E0,1.009247875E1
1.096157589E1,-1.908723354E0,6.359102249E0,1.186077976E1
1.097824183E1,-3.684965372E0,6.377962589E0,1.145203495E1
1.099490776E1,-4.436863422E0,4.701062679E0,9.951063156E0
1.101157370E1,-4.314538002E0,2.770424604E0,8.503849030E0
1.102823964E1,-4.483671188E0,1.008919597E0,8.512782097E0
1.104490558E1,-5.825359344E0,-2.160934173E-2,1.004666424E1
1.106157152E1,-7.938645840E0,6.772962958E-2,1.073686504E1
1.107823745E1,-7.673683167E0,-4.360047281E-1,8.537674904E0
1.109490339E1,-4.559723854E0,-1.123838425E0,5.908360481E0
1.111156933E1,-3.029965639E0,-9.648609161E-1,5.488925457E0
1.112823526E1,-3.996582747E0,3.570504785E-1,5.131340504E0
1.114490120E1,-5.300702572E0,4.901426136E-1,3.244302750E0
1.116156714E1,-5.830780506E0,-4.045451880E-1,8.591049314E-1
1.117823308E1,-4.922348499E0,-8.652899861E-1,-9.427170753E-1
1.119489902E1,-2.416657448E0,-1.130099818E-1,-3.327991247E0
1.121156495E1,-1.270598769E-1,3.333794475E-1,-5.266876221E0
1.122823089E1,2.367100911E-3,1.060995817E0,-6.128729820E0
1.124489683E1,-5.232056975E-1,2.257297993E0,-6.547019482E0
1.126156276E1,-6.414080411E-2,3.334863663E0,-7.050754070E0
1.127822870E1,1.131168842E0,3.815385103E0,-7.832584381E0
1.129489464E1,2.600145817E0,4.641579628E0,-8.558292389E0
1.131156058E1,3.681605577E0,5.322923183E0,-9.059659004E0
1.132822652E1,4.330114841E0,4.389903545E0,-9.325003624E0
1.134489245E1,4.548270226E0,4.012541771E0,-9.817208290E0
1.136155839E1,5.162723541E0,4.165410519E0,-1.033033466E1
1.137822433E1,5.514200211E0,3.441077709E0,-9.704045296E0
1.139489026E1,4.955945969E0,3.162828684E0,-8.150005341E0
1.141155620E1,4.144259453E0,2.656269073E0,-6.342074394E0
1.142822214E1,4.259788990E0,3.050964117E0,-3.766515970E0
1.144488808E1,5.274664879E0,3.292103052E0,-4.506655037E-1
1.146155402E1,4.357298374E0,2.177427530E0,2.357250929E0
1.147821995E1,1.419649720E0,2.039448500E0,5.738692760E0
1.149488589E1,-1.425223947E0,2.234848738E0,9.424039841E0
1.151155183E1,-3.273319006E0,2.371071577E0,1.102862930E1
1.152821776E1,-3.586387157E0,2.671006203E0,1.061835670E1
1.154488370E1,-2.694524527E0,2.730412960E0,1.018563557E1
1.156154964E1,-1.597334981E0,2.422231674E0,9.122731209E0
1.157821558E1,-1.381165266E0,9.052252173E-1,7.119170666E0
1.159488152E1,-3.104109287E0,-9.677625299E-1,6.443325520E0
1.161154745E1,-5.962498188E0,-1.142011762E0,6.890478134E0
1.162821339E1,-6.521439552E0,-1.618791744E-2,6.252506256E0
1.164487933E1,-3.971690178E0,-1.653916389E-1,4.245586395E0
1.166154526E1,-2.650771379E0,-4.431824088E-1,3.253083944E0
1.167821120E1,-4.633180141E0,1.171333194E-1,2.881220102E0
1.169487714E1,-7.475763321E0,8.193223923E-2,1.670715213E0
1.171154308E1,-7.438958645E0,-6.974548697E-1,5.193877816E-1
1.172820902E1,-3.989557981E0,-2.801578641E-1,-7.546470761E-1
1.174487495E1,-3.685041666E-1,7.220421433E-1,-2.455294609E0
1.176154089E1,1.036484838E0,2.658788860E-1,-4.183813095E0
1.177820683E1,-3.895790279E-1,-1.091920808E-1,-5.132791519E0
1.179487277E1,-2.483699799E0,1.390022755E0,-5.312079906E0
1.181153870E1,-2.453003883E0,2.983387232E0,-4.931053162E0
1.182820464E1,-2.952004075E-1,3.030576468E0,-4.975493431E0
1.184487058E1,2.418795347E0,2.947346210E0,-6.223566532E0
1.186153652E1,3.924118996E0,3.319133759E0,-7.456291676E0
1.187820245E1,3.580507517E0,3.594022989E0,-7.575181484E0
1.189486839E1,3.118464708E0,3.972530127E0,-7.278148651E0
1.191153433E1,4.389215946E0,4.284758091E0,-7.123828888E0
1.192820027E1,6.405910015E0,3.669541121E0,-6.526708603E0
1.194486620E1,6.203484535E0,2.670242548E0,-5.611862183E0
1.196153214E1,4.264217854E0,2.730260134E0,-5.026730061E0
1.197819808E1,2.684521675E0,3.330587387E0,-4.633714676E0
1.199486402E1,2.588768482E0,3.714974165E0,-3.186194420E0
1.201152995E1,4.013152599E0,3.795684576E0,-2.088394016E-1
1.202819589E1,5.395692348E0,2.615188360E0,2.377714872E0
1.204486183E1,4.879053116E0,1.228754520E0,3.749258995E0
1.206152777E1,2.476598501E0,3.048978746E-1,4.795670509E0
1.207819370E1,-9.967022538E-1,9.460768104E-2,5.637747288E0
1.209485964E1,-4.013839722E0,5.909352899E-1,5.928900719E0
1.211152558E1,-4.859811306E0,6.370556355E-1,5.533442020E0
1.212819152E1,-3.236361504E0,-3.970620930E-1,4.942201614E0
1.214485745E1,-1.107497811E0,-1.491731763E0,4.297892094E0
1.216152339E1,-3.383427262E-1,-2.336405039E0,3.360061646E0
1.217818933E1,-1.167591691E0,-3.320737362E0,3.591274023E0
1.219485527E1,-3.275609732E0,-2.893361092E0,4.773526669E0
1.221152120E1,-6.066498280E0,-6.091085672E-1,4.518032074E0
1.222818714E1,-7.800743103E0,7.603739500E-1,2.208352566E0
1.224485308E1,-6.370479584E0,3.701077104E-1,3.888917863E-1
1.226151902E1,-3.229871273E0,-4.328740537E-1,9.957095981E-2
1.227818495E1,-1.616042733E0,-7.316632867E-1,1.107192412E-1
1.229485089E1,-2.329914570E0,-4.844157696E-1,-1.614210159E-1
1.231151683E1,-3.753993034E0,-3.675878942E-1,-4.134790897E-1
1.232818277E1,-4.349204540E0,-5.654317141E-1,-5.503891706E-1
1.234484870E1,-3.988030672E0,-7.823650837E-1,-9.295071363E-1
1.236151464E1,-3.116250277E0,-5.309178233E-1,-1.753334641E0
1.237818058E1,-2.112981319E0,-4.505127668E-3,-2.242942810E0
1.239484652E1,-6.710349321E-1,4.509709179E-1,-2.205221891E0
1.241151245E1,1.614973783E0,9.116393328E-1,-2.560439825E0
1.242817839E1,3.783467293E0,1.016326308E0,-3.542023182E0
1.244484433E1,4.530784130E0,1.169195175E0,-4.321410179E0
1.246151027E1,4.185569286E0,1.330845237E0,-4.309880257E0
1.247817620E1,3.828213215E0,1.091920853E0,-3.827449560E0
1.249484214E1,4.016436100E0,1.033583164E0,-3.598375320E0
1.251150808E1,4.031554699E0,1.433699608E0,-2.988044977E0
1.252817402E1,3.718944788E0,2.089233875E0,-2.300516844E0
1.254483995E1,3.831114769E0,2.673678875E0,-2.373362303E0
1.256150589E1,3.892048597E0,2.937114239E0,-2.092059135E0
1.257817183E1,3.948095322E0,3.380983829E0,-8.168789148E-1
1.259483777E1,4.396317482E0,3.251633167E0,3.568977416E-1
1.261150370E1,4.164188862E0,1.943924427E0,8.403208852E-1
1.262816964E1,2.173762321E0,6.797397733E-1,1.358410597E0
1.264483558E1,-6.740893126E-1,1.468366235E-1,1.956065416E0
1.266150152E1,-3.360825300E0,1.251509190E-1,2.193997145E0
1.267816745E1,-4.517803192E0,-7.597630471E-2,1.848324060E0
1.269483339E1,-4.312017918E0,-3.750709891E-1,1.539150119E0
1.271149933E1,-3.319973707E0,-7.660244107E-1,1.847407818E0
1.272816527E1,-2.272264242E0,-1.262581110E0,2.657109022E0
1.274483120E1,-2.507599831E0,-1.754938126E0,3.398546219E0
1.276149714E1,-4.508563995E0,-1.717522740E0,2.718119144E0
1.277816308E1,-7.202706814E0,-1.168584347E0,2.535241604E0
1.279482902E1,-8.943213463E0,5.029708147E-1,2.438266754E0
1.281149495E1,-5.694176197E0,2.908327103E0,1.676136613E0
1.282816089E1,1.971031547E0,2.146960735E0,7.537307739E-1
1.284482683E1,7.331140995E0,-9.564615488E-1,-2.552651167E-1
1.286149277E1,4.677544117E0,-1.554269075E0,-4.355465770E-1
1.287815870E1,-7.538834810E-1,4.875464439E-1,-5.784889460E-1
1.289482464E1,-2.360610485E0,1.195767760E0,-7.784708142E-1
1.291149058E1,-1.844811589E-1,2.636645138E-1,-8.213077188E-1
1.292815652E1,3.758651018E0,-1.225318432E0,-1.620929718E0
1.294482245E1,7.239587784E0,-2.761032343E0,-2.762941360E0
1.296148839E1,8.724905014E0,-3.731925726E0,-3.676031590E0
1.297815433E1,7.920548916E0,-4.210385323E0,-3.958632946E0
1.299482027E1,5.065367222E0,-5.036885738E0,-3.309741735E0
1.301148620E1,1.249905705E0,-6.487460136E0,-2.945590019E0
1.302815214E1,-1.803349137E0,-6.195161343E0,-3.812330723E0
1.304481808E1,-2.648175240E0,-3.679085732E0,-4.248793602E0
1.306148402E1,-2.605262041E0,-4.898371994E-1,-2.500956774E0
1.307814995E1,-1.460043192E0,2.200945854E0,-3.649153411E-1
1.309481589E1,1.803883672E0,3.455280304E0,3.070359230E-1
1.311148183E1,5.022912025E0,2.644510031E0,5.600866675E-1
1.312814777E1,5.937605858E0,1.834656000E0,1.027780026E-1
1.314481370E1,4.478478909E0,1.642462730E0,-6.724094152E-1
1.316147964E1,2.184987068E0,1.828547359E0,-6.777544618E-1
1.317814558E1,-7.259364128E-1,2.302273035E0,-1.125518382E-1
1.319481152E1,-3.365941286E0,2.886336088E0,1.016402602E0
1.321147745E1,-3.083569050E0,2.794324636E0,2.510730505E0
1.322814339E1,1.648571342E-1,2.138561249E0,3.198106289E0
1.324480933E1,3.050734997E0,1.822591424E0,1.713475704E0
1.326147527E1,3.874027967E0,1.641393661E0,3.980547488E-1
1.327814120E1,3.020649910E0,1.030299783E0,1.112079382E0
1.329480714E1,1.834350586E0,1.156443357E0,2.780351162E0
1.331147308E1,1.269758821E0,1.847407818E0,4.381732941E0
1.332813902E1,1.689957380E0,1.777158380E0,5.178606033E0
1.334480495E1,2.308763504E0,8.375719786E-1,4.415483475E0
1.336147089E1,1.805410862E0,-5.963567495E-1,3.997728109E0
1.337813683E1,-3.817904741E-2,-2.040059328E0,5.028409958E0
1.339480277E1,-1.428049088E0,-1.260672212E-1,6.071308613E0
1.341146870E1,-5.793288946E-1,2.326783895E0,5.812683582E0
1.342813464E1,2.680932879E-1,1.876805663E0,4.842019558E0
1.344480058E1,2.187659442E-1,2.189721107E0,3.151375055E0
1.346146652E1,1.308014244E-1,2.384281635E0,2.417344570E0
1.347813245E1,1.160643101E-1,1.636430383E0,2.291811943E0
1.349479839E1,-8.914044499E-1,1.094593287E0,2.040441036E0
1.351146433E1,-2.309679747E0,1.226921916E0,1.625587583E0
1.352813027E1,-3.139615774E0,1.411173940E0,6.113229394E-1
1.354479620E1,-3.026453257E0,6.162862182E-1,1.145371469E-3
1.356146214E1,-1.908799767E0,1.193477064E-1,5.212203860E-1
1.357812808E1,-1.864664704E-1,7.477748394E-1,1.080008984E0
1.359479402E1,1.385975838E0,9.771545529E-1,8.218421936E-1
1.361145995E1,1.849774957E0,2.367864549E-1,-3.680460155E-1
1.362812589E1,1.203480005E0,-2.075413018E-1,-1.688735723E0
1.364479183E1,5.809323788E-1,-2.944368124E-1,-2.710788727E0
1.366145777E1,4.576140642E-1,-4.276817143E-1,-3.195281029E0
1.367812370E1,7.419716120E-1,-1.307708740E0,-3.335169077E0
1.369478964E1,1.560454130E0,-2.344880819E0,-3.535074472E0
1.371145558E1,3.140455723E0,-2.424522400E0,-3.708483696E0
1.372812152E1,4.850037098E0,-2.125427723E0,-4.127918720E0
1.374478745E1,5.418523312E0,-2.642371893E0,-4.239248753E0
1.376145339E1,4.651048183E0,-2.851287603E0,-3.273853540E0
1.377811933E1,4.703505993E0,-1.958432436E0,-3.062723398E0
1.379478527E1,5.327046394E0,-1.683772445E0,-4.681133270E0
1.381145120E1,5.139510632E0,-1.806632638E0,-7.207211971E0
1.382811714E1,5.237936497E0,-1.649411321E0,-8.273323059E0
1.384478308E1,5.362247467E0,-1.829081893E0,-7.230501175E0
1.386144902E1,4.540863514E0,-8.610902429E-1,-5.570399761E0
1.387811495E1,2.652756691E0,6.642391086E-1,-4.077064037E0
1.389478089E1,1.291902661E0,2.482630730E0,-2.725296974E0
1.391144683E1,1.829158187E0,3.096168041E0,-1.406363487E0
1.392811277E1,4.421210289E0,2.246836901E0,3.874409795E-1
1.394477870E1,7.392685413E0,1.357723355E0,3.291492224E0
1.396144464E1,7.977436066E0,1.928576469E0,6.563131332E0
1.397811058E1,5.891943455E0,4.708621979E0,8.641446114E0
1.399477652E1,3.027751207E0,7.794863701E0,8.734067917E0
1.401144245E1,1.820071578E0,7.985911846E0,8.518508911E0
1.402810839E1,4.229016781E0,3.836459875E0,8.280577660E0
1.404477433E1,7.817465782E0,-5.542834401E-1,7.856179237E0
1.406144027E1,8.221934319E0,-6.023126841E-1,6.484482288E0
1.407810620E1,4.644099712E0,1.723249555E0,4.334467411E0
1.409477214E1,-5.655080676E-1,3.169701099E0,3.567373991E0
1.411143808E1,-4.671359539E0,2.083430767E0,3.779878616E0
1.412810402E1,-5.393554211E0,-7.206677198E-1,3.884259939E0
1.414476995E1,-3.922515392E0,-1.810145020E0,3.276525974E0
1.416143589E1,-2.498055220E0,-1.124372959E0,1.861610413E0
1.417810183E1,-1.639790177E0,-6.221657991E-1,6.167443395E-1
1.419476777E1,-1.180343509E0,-1.244026065E0,-3.832412958E-1
1.421143370E1,-1.129336238E0,-2.048382282E0,-1.217300773E0
1.422809964E1,-1.100701928E0,-2.568151951E0,-1.828852773E0
1.424476558E1,-6.829468012E-1,-2.137645006E0,-2.192011833E0
1.426143152E1,5.871937796E-2,-1.356654286E0,-2.972849846E0
1.427809745E1,3.019199073E-1,-7.998510599E-1,-4.505967617E0
1.429476339E1,7.238747925E-2,-6.372846961E-1,-6.142092705E0
1.431142933E1,1.366809905E-1,-9.730312228E-1,-7.206600666E0
1.432809527E1,7.337249517E-1,-5.821541548E-1,-7.847856045E0
1.434476120E1,1.652465582E0,1.917351782E-1,-8.545387268E0
1.436142714E1,2.579452991E0,7.770963311E-1,-9.559193611E0
1.437809308E1,3.414428711E0,1.039080977E0,-1.041226673E1
1.439475902E1,4.241615772E0,8.413135409E-1,-1.066348457E1
1.441142495E1,5.071781158E0,-8.933897130E-3,-1.097846222E1
1.442809089E1,5.541078091E0,-1.200883746E0,-1.163224030E1
1.444475683E1,4.832627773E0,-1.818238974E0,-1.171065998E1
1.446142277E1,3.333030939E0,-1.375743866E0,-1.116385937E1
1.447808870E1,1.745851517E0,-5.533671379E-1,-9.952972412E0
1.449475464E1,1.082528710E0,9.766200930E-2,-8.234533310E0
1.451142058E1,1.381928802E0,3.486510813E-1,-5.904237270E0
1.452808652E1,3.240637779E-1,9.172134399E-1,-3.255603790E0
1.454475245E1,-9.917389750E-1,3.227656841E0,-1.028696299E0
1.456141839E1,-7.577777505E-1,5.093314171E0,1.263955593E0
1.457808433E1,-2.450331300E-1,5.813371181E0,4.729391575E0
1.459475026E1,-4.505127668E-1,5.543827057E0,9.192140579E0
1.461141620E1,-1.117806196E0,5.188456535E0,1.282770252E1
1.462808214E1,-2.304029226E0,5.321166515E0,1.344696617E1
1.464474808E1,-3.486052513E0,5.321319580E0,1.190819836E1
1.466141402E1,-3.637623310E0,4.015137672E0,1.041409874E1
1.467807995E1,-3.261254311E0,1.627649188E0,9.539798737E0
1.469474589E1,-4.356840134E0,5.778780580E-1,9.205656052E0
1.471141183E1,-6.761280537E0,6.462185979E-1,9.473520279E0
1.472807776E1,-7.099088669E0,8.552107029E-3,8.053488731E0
1.474474370E1,-4.546742916E0,-5.106829405E-1,6.121246815E0
1.476140964E1,-1.973322272E0,-1.053588986E0,5.457084179E0
1.477807558E1,-2.289062977E0,-5.183187723E-1,4.850113869E0
1.479474152E1,-4.203284264E0,2.238055766E-1,3.724289894E0
1.481140745E1,-5.667603493E0,-1.589775532E-1,2.107636213E0
1.482807339E1,-5.880184174E0,-7.970257998E-1,1.360701323E-1
1.484473933E1,-4.741074085E0,-1.149113059E0,-1.250211120E0
1.486140526E1,-2.600985765E0,-5.696313977E-1,-2.378936529E0
1.487807120E1,-4.512000084E-1,4.943423271E-1,-3.347233534E0
1.489473714E1,3.478874862E-1,1.039768219E0,-4.458243847E0
1.491140308E1,-5.272526741E-1,1.840993762E0,-5.546117783E0
1.492806902E1,-5.584067702E-1,2.738125086E0,-6.366738319E0
1.494473495E1,1.349323988E0,3.112355947E0,-7.020287037E0
1.496140089E1,3.153818607E0,3.489030600E0,-7.750423431E0
1.497806683E1,3.632201910E0,4.362414360E0,-8.559819221E0
1.499473276E1,3.162294149E0,5.056891441E0,-8.993456841E0
1.501139870E1,2.784398079E0,5.011152744E0,-9.068287849E0
1.502806464E1,3.604254961E0,4.453356743E0,-9.194049835E0
1.504473058E1,5.477624416E0,4.260399818E0,-9.662429810E0
1.506139652E1,6.762502193E0,3.250182390E0,-9.535981178E0
1.507806245E1,5.849106789E0,2.669631720E0,-8.559819221E0
1.509472839E1,3.408167362E0,3.468261242E0,-6.761127949E0
1.511139433E1,2.078696489E0,4.498866558E0,-4.450760841E0
1.512806026E1,3.627467871E0,4.868134022E0,-1.184924960E0
1.514472620E1,5.622017860E0,2.530660152E0,1.920406103E0
1.516139214E1,4.243601322E0,1.465388298E0,4.535900116E0
1.517805808E1,3.383427262E-1,1.796935081E0,8.135115623E0
1.519472402E1,-3.446193695E0,1.599931240E0,1.111598301E1
1.521138995E1,-4.862254620E0,1.955989003E0,1.086697865E1
1.522805589E1,-3.578445911E0,1.039233685E0,9.870200157E0
1.524472183E1,-4.747183025E-1,-4.763981700E-1,9.447787285E0
1.526138776E1,1.373453140E0,-1.172860414E-1,8.981850624E0
1.527805370E1,2.167806327E-1,8.977421522E-1,8.654121399E0
1.529471964E1,-4.000324249E0,5.568795800E-1,8.750409126E0
1.531138558E1,-7.113138676E0,-3.840812445E-1,7.034031391E0
1.532805152E1,-6.303132057E0,-5.218312144E-1,4.340805054E0
1.534471745E1,-3.425729752E0,-6.079631448E-1,3.000033379E0
1.536138339E1,-1.776623845E0,6.467530876E-2,2.640157461E0
1.537804933E1,-2.926882267E0,7.105884552E-1,1.795637012E0
1.539471526E1,-4.885085583E0,4.142426848E-1,4.371501207E-1
1.541138120E1,-5.623697281E0,-8.345939964E-2,-8.016836643E-1
1.542804714E1,-4.477409840E0,3.264308572E-1,-1.986303210E0
1.544471308E1,-2.629314661E0,6.544652581E-1,-3.169929981E0
1.546137902E1,-2.414290428E0,3.842339516E-1,-4.269792080E0
1.547804495E1,-3.904724121E0,8.534544706E-1,-4.957320213E0
1.549471089E1,-4.554989815E0,2.359388828E0,-4.781391144E0
1.551137683E1,-3.002094984E0,3.313559532E0,-4.277427673E0
1.552804276E1,-8.773545176E-2,3.443139315E0,-4.658454895E0
1.554470870E1,2.301967621E0,4.312781811E0,-6.070621490E0
1.556137464E1,3.426264286E0,5.085067272E0,-7.306782722E0
1.557804058E1,3.681452990E0,4.896310329E0,-7.233020782E0
1.559470652E1,4.129140377E0,4.534372807E0,-6.716382027E0
1.561137245E1,5.490376472E0,4.444193840E0,-6.824504852E0
1.562803839E1,7.143910885E0,3.975966215E0,-6.769450665E0
1.564470433E1,7.524403095E0,3.357465506E0,-6.082685947E0
1.566137026E1,6.562443733E0,2.838612318E0,-5.490911007E0
1.567803620E1,4.948921204E0,2.657567263E0,-4.729849815E0
1.569470214E1,3.756971121E0,3.288896084E0,-3.398927927E0
1.571136808E1,4.180529594E0,3.796677351E0,-1.191110015E0
1.572803402E1,5.372326851E0,2.487288713E0,1.053512692E0
1.574469995E1,4.884245872E0,5.506945848E-1,2.806694508E0
1.576136589E1,2.152763844E0,-2.305250913E-1,4.894095898E0
1.577803183E1,-2.028300047E0,3.843103051E-1,7.223552227E0
1.579469776E1,-5.041619778E0,1.643302560E0,8.122057915E0
1.581136370E1,-4.652269840E0,1.383455992E0,7.513789654E0
1.582802964E1,-1.939419270E0,-9.162971377E-2,7.120545387E0
1.584469558E1,-7.703768611E-1,-8.555924892E-1,6.901550293E0
1.586136152E1,-2.150931358E0,-8.322269320E-1,6.432864189E0
1.587802745E1,-4.120130062E0,-5.658898354E-1,6.598866940E0
1.589469339E1,-4.497110367E0,-4.159225523E-1,7.049074173E0
1.591135933E1,-4.328664303E0,-1.742491722E-1,6.442027092E0
1.592802526E1,-3.598604441E0,4.503600597E-1,4.203513145E0
1.594469120E1,-2.084499598E0,9.539417028E-1,2.247371435E0
1.596135714E1,-1.818544507E0,7.351757884E-1,8.340594769E-1
1.597802308E1,-3.388619661E0,7.763327956E-1,1.250745654E-1
1.599468902E1,-4.661509037E0,5.966621637E-1,6.123919412E-2
1.601135495E1,-4.560334682E0,-1.890626550E-1,-1.025489271E-1
1.602802089E1,-3.879296780E0,-3.429242074E-1,-1.177976370E0
1.604468683E1,-3.394270182E0,-5.566505343E-2,-2.438877583E0
1.606135277E1,-2.968955517E0,-1.043815166E-1,-2.561126947E0
1.607801870E1,-2.024405956E0,1.114828233E-2,-2.224616766E0
1.609468464E1,-3.727802336E-1,5.115228891E-1,-2.481790781E0
1.611135058E1,1.449505806E0,6.260600686E-1,-3.646939039E0
1.612801652E1,2.506912708E0,2.527453005E-1,-4.731758595E0
1.614468245E1,2.975369692E0,-3.144426346E-1,-5.162723541E0
1.616134839E1,3.734292746E0,-3.533852696E-1,-5.133096695E0
1.617801433E1,4.657996655E0,-1.187597513E0,-4.600346088E0
1.619468027E1,3.923584461E0,-2.709796190E0,-4.393797874E0
1.621134620E1,1.335884929E0,-1.539990067E0,-3.846462727E0
1.622801214E1,1.728747338E-1,1.221958637E0,-2.162003279E0
1.624467808E1,1.866420984E0,1.938503027E0,-1.981187224E0
1.626134402E1,3.772471905E0,8.665880561E-1,-2.494084597E0
1.627800995E1,3.544466496E0,7.270817757E-1,-1.947055101E0
1.629467589E1,2.234085321E0,1.145753264E0,-6.502655745E-1
1.631134183E1,1.102992773E0,9.760091901E-1,5.335140228E-1
1.632800777E1,-1.092684343E-1,5.572614074E-1,8.652899861E-1
1.634467370E1,-1.600083947E0,-1.262962967E-1,3.662897944E-1
1.636133964E1,-3.010647058E0,-1.039004683E0,-7.278453708E-1
1.637800558E1,-4.045375824E0,-1.475696564E0,-1.805105448E0
1.639467152E1,-4.554989815E0,-1.500436664E0,-1.685070515E0
1.641133745E1,-6.004648209E0,-1.362075686E0,1.286633909E-1
1.642800339E1,-9.142202377E0,-1.054428935E0,3.343797445E0
1.644466933E1,-9.278730392E0,1.896658778E0,4.262691021E0
1.646133527E1,-2.882365465E0,4.856604099E0,2.798066139E0
1.647800120E1,4.314538002E0,1.095891356E0,7.061597109E-1
1.649466714E1,4.210309029E0,-1.204778075E0,-2.312123179E-1
1.651133308E1,-1.758221507E0,2.293720961E0,-1.272889525E-1
1.652799902E1,-4.577973366E0,4.379594803E0,5.328267813E-1
1.654466495E1,-1.821369648E0,3.132209063E0,1.466533661E0
1.656133089E1,1.288619280E0,9.189696908E-1,1.648647666E0
1.657799683E1,1.851607561E0,-1.040150046E0,5.044215918E-1
1.659466277E1,1.099098444E0,-1.831830740E0,-8.898772597E-1
1.661132870E1,1.177899957E0,-2.119242668E0,-9.621883631E-1
1.662799464E1,1.535943151E0,-1.941328287E0,8.604794145E-1
1.664466058E1,2.741255760E-1,-1.559155941E0,3.308901787E0
1.666132652E1,-3.212843418E0,-1.616500914E-1,3.045466423E0
1.667799245E1,-5.488849163E0,2.479500055E0,-2.859610617E-1
1.669465839E1,-3.738797903E0,2.523482323E0,-1.468900681E0
1.671132433E1,-8.084031940E-1,9.780708551E-1,-9.853248596E-1
1.672799027E1,6.078104675E-2,1.355356276E-1,-1.307708740E0
1.674465620E1,-1.150640130E0,-7.605266571E-2,-1.734626889E0
1.676132214E1,-3.284161806E0,-5.595521331E-1,-1.628489137E0
1.677798808E1,-5.115229130E0,-6.139190793E-1,-1.545487881E0
1.679465402E1,-6.368418217E0,-6.889027357E-1,-1.403232813E0
1.681131995E1,-6.079936981E0,-7.820596099E-1,-6.508000493E-1
1.682798589E1,-4.040946960E0,-5.834522247E-1,5.749764442E-1
1.684465183E1,-1.892764568E0,4.937314689E-1,1.209435940E0
1.686131777E1,6.001746282E-2,1.385212302E0,8.726966977E-1
1.687798370E1,1.493488073E0,4.515817761E-1,3.176496923E-2
1.689464964E1,1.273653030E0,-4.764745235E-1,-4.234820008E-1
1.691131558E1,2.428187430E-2,2.023489587E-2,-5.729911923E-1
1.692798152E1,-7.948114276E-1,4.236347377E-1,-5.053378940E-1
1.694464745E1,-6.302597523E-1,1.733328849E-1,-4.004982114E-1
1.696131339E1,4.619665071E-2,-9.613484144E-2,-8.288671374E-1
1.697797933E1,9.624174833E-1,-8.021417856E-1,-1.785175920E0
1.699464527E1,1.811595917E0,-2.363588572E0,-2.180863619E0
1.701131120E1,1.420718789E0,-3.664806843E0,-1.581376195E0
1.702797714E1,-7.520508766E-1,-2.991099358E0,-7.496837974E-1
1.704464308E1,-3.671908140E0,-1.021213174E0,-2.704603672E-1
1.706130902E1,-5.293143272E0,4.397462904E-1,-2.483928949E-1
1.707797495E1,-4.657614708E0,4.055378437E-1,-2.633590698E-1
1.709464089E1,-2.454149246E0,-9.824233055E-1,6.047561392E-2
1.711130683E1,-6.798924804E-1,-2.439488411E0,8.474221826E-1
1.712797277E1,-7.289907336E-1,-2.587470531E0,1.905134559E0
1.714463870E1,-2.383365393E0,-1.561217666E0,2.843652010E0
1.716130464E1,-4.876151562E0,-5.568795800E-1,3.056461811E0
1.717797058E1,-7.243558407E0,-3.651444316E-1,2.685896158E0
1.719463652E1,-7.282348156E0,-1.176143765E0,2.700556755E0
1.721130245E1,-4.310796261E0,-1.606498003E0,4.146626472E0
1.722796839E1,-1.285641313E0,-3.669006526E-1,5.765570641E0
1.724463433E1,-4.119519293E-1,8.977421522E-1,6.019385338E0
1.726130027E1,-1.291902661E0,1.865504622E0,4.831482410E0
1.727796620E1,-2.518137455E0,2.401767492E0,3.194975615E0
1.729463214E1,-2.454989195E0,1.902385592E0,2.327776670E0
1.731129808E1,-1.589928269E0,1.736688614E0,2.240117550E0
1.732796402E1,-1.184390426E0,2.250578642E0,1.840306520E0
1.734462995E1,-1.288084745E0,3.051727772E0,4.300487936E-1
1.736129589E1,-1.095127821E0,3.189172268E0,-1.321605921E0
1.737796183E1,-2.340375632E-1,2.224464178E0,-2.559065342E0
1.739462777E1,2.221257091E-1,1.485470414E0,-3.543702841E0
1.741129370E1,-2.251800299E-1,1.601458430E0,-4.433732986E0
1.742795964E1,-4.490619600E-1,1.312061191E0,-5.212203503E0
1.744462558E1,-1.616500914E-1,7.302888632E-1,-6.079402447E0
1.746129152E1,3.070359230E-1,5.259546041E-1,-6.969203472E0
1.747795745E1,1.077718139E0,4.306596816E-1,-7.682158947E0
1.749462339E1,1.737375736E0,3.447568119E-1,-8.210939407E0
1.751128933E1,1.804036379E0,4.394408464E-1,-8.428559303E0
1.752795527E1,1.576871037E0,5.294670463E-1,-8.565698624E0
1.754462120E1,1.407432437E0,4.308123887E-1,-8.470174789E0
1.756128714E1,1.475543857E0,5.225948095E-1,-8.153365135E0
1.757795308E1,2.276311159E0,7.232639194E-1,-7.943685532E0
1.759461902E1,3.538128853E0,5.803215504E-1,-7.645277977E0
1.761128495E1,4.750924587E0,1.096502244E-1,-7.004251957E0
1.762795089E1,4.736874580E0,-1.499672979E-1,-6.034962177E0
1.764461683E1,3.318064690E0,3.551415205E-1,-4.779634953E0
1.766128277E1,1.279456258E0,1.230968833E0,-2.576169491E0
1.767794870E1,-6.220130324E-1,1.583743334E0,5.207622424E-2
1.769461464E1,-1.557247043E0,1.232343316E0,1.882303476E0
1.771128058E1,-1.568700790E0,6.333904266E-1,2.619846344E0
1.772794652E1,-9.191223979E-1,1.288924664E-1,2.964679480E0
1.774461245E1,-8.964440972E-2,4.459312931E-2,3.344866514E0
1.776127839E1,3.299433291E-1,3.067304790E-1,4.026668072E0
1.777794433E1,3.149771392E-1,3.820195496E-1,4.896615505E0
1.779461027E1,-2.166279256E-1,-3.728565872E-1,5.339645386E0
1.781127620E1,-1.283274174E0,-2.007836103E0,5.013519764E0
1.782794214E1,-1.740964651E0,-3.348455191E0,4.438085556E0
1.784460808E1,-1.644066215E0,-2.749120474E0,4.213286877E0
1.786127402E1,-2.463006735E0,-4.105011225E-1,3.619679213E0
1.787793995E1,-4.574079037E0,2.666424811E-1,2.123824120E0
1.789460589E1,-5.706393242E0,-2.635881603E-1,1.366733551E0
1.791127183E1,-4.804146290E0,-6.464476585E-1,2.200258493E0
1.792793776E1,-2.540739298E0,-1.063668251E0,2.955134630E0
1.794460370E1,-1.076801896E0,-1.286710262E0,2.601825714E0
1.796126964E1,-1.298622131E0,-1.158657789E0,1.465311885E0
1.797793558E1,-2.696051598E0,-1.262810230E0,4.926624298E-1
1.799460152E1,-4.360047340E0,-1.885052323E0,3.065777719E-1
1.801126745E1,-5.673941135E0,-2.498131514E0,3.467421234E-1
1.802793339E1,-5.804819107E0,-3.046229839E0,2.315177470E-1
1.804459933E1,-4.775664330E0,-3.544771910E0,-2.748891478E-3
1.806126526E1,-3.295920849E0,-3.592266798E0,-2.733619884E-2
1.807793120E1,-2.013104916E0,-2.961854219E0,3.683514595E-1
1.809459714E1,-1.339779139E0,-2.048535109E0,9.235512018E-1
1.811126308E1,-1.107116103E0,-1.481957912E0,1.178129077E0
1.812792902E1,-1.373071313E0,-1.616729975E0,1.077260017E0
1.814459495E1,-1.961715937E0,-1.517769933E0,5.664243698E-1
1.816126089E1,-2.855105639E0,-8.406262994E-1,-9.682206810E-2
1.817792683E1,-3.775297165E0,3.873646259E-1,-1.137201190E0
1.819459276E1,-3.717188597E0,1.041218996E0,-2.457279921E0
1.821125870E1,-2.042197227E0,6.161335111E-1,-3.150000572E0
1.822792464E1,-1.217148080E-1,2.272416949E-1,-3.450469732E0
1.824459058E1,5.965094566E-1,5.587121844E-1,-3.879755020E0
1.826125652E1,1.275180280E-1,1.087797403E0,-4.421362877E0
1.827792245E1,-7.518218160E-1,8.303179741E-1,-5.012527466E0
1.829458839E1,-1.592829943E0,6.681333780E-1,-5.422875881E0
1.831125433E1,-1.747531414E0,1.460119486E0,-5.494957924E0
1.832792026E1,-6.178897023E-1,2.726289511E0,-4.754208088E0
1.834458620E1,1.209435940E0,3.402669430E0,-3.593488455E0
1.836125214E1,2.490877390E0,3.740706921E0,-3.607003689E0
1.837791808E1,3.179627419E0,3.789957762E0,-4.429304123E0
1.839458402E1,3.341888428E0,3.399309874E0,-4.482449532E0
1.841124995E1,2.763628721E0,3.115257740E0,-3.611203432E0
1.842791589E1,1.894291639E0,3.267439365E0,-2.782412767E0
1.844458183E1,1.641317248E0,3.195128202E0,-1.736230373E0
1.846124776E1,2.609156132E0,2.639012098E0,-1.685223281E-1
1.847791370E1,4.101651669E0,1.763719320E0,1.342298985E0
1.849457964E1,3.975584269E0,1.058857679E0,2.456058264E0
1.851124558E1,1.310457706E0,8.872811198E-1,3.625864267E0
1.852791152E1,-2.634507179E0,1.039539099E0,5.388209343E0
1.854457745E1,-5.373395443E0,1.317100763E0,7.806317329E0
1.856124339E1,-5.313225269E0,8.462004066E-1,9.899216652E0
1.857790933E1,-2.567922831E0,-5.296961069E-1,1.070120525E1
1.859457526E1,-2.085339576E-1,-9.149990678E-1,9.998252869E0
1.861124120E1,-6.302597523E-1,-3.140608668E-1,8.928476334E0
1.862790714E1,-2.893819094E0,2.985601686E-2,9.330042839E0
1.864457308E1,-5.928366184E0,-2.173151523E-1,1.029169750E1
1.866123902E1,-7.420709133E0,-8.025236130E-1,8.591813087E0
1.867790495E1,-5.360872746E0,-1.150640130E0,4.897073746E0
1.869457089E1,-1.793575406E0,-1.049771070E0,2.486677885E0
1.871123683E1,-9.346231222E-1,-3.927860558E-1,1.748600483E0
1.872790276E1,-3.199862480E0,6.055197120E-1,1.094287872E0
1.874456870E1,-5.615756512E0,3.729329407E-1,2.208276242E-1
1.876123464E1,-6.505022526E0,-1.676823795E-1,-1.932928920E0
1.877790058E1,-5.188991070E0,-1.999818534E-1,-4.626384258E0
1.879456652E1,-2.499276876E0,5.199986696E-1,-5.489307404E0
1.881123245E1,-3.055087626E-1,1.775096655E0,-4.833009243E0
1.882789839E1,-1.296560466E-1,2.997818947E0,-5.026958942E0
1.884456433E1,-1.672547817E0,3.988336086E0,-6.777315617E0
1.886123026E1,-2.180710793E0,4.928304195E0,-8.425734520E0
1.887789620E1,-1.746309698E-1,5.092550755E0,-8.283784866E0
1.889456214E1,2.107177973E0,5.265959740E0,-8.043027878E0
1.891122808E1,3.523010015E0,5.344532490E0,-9.169157028E0
1.892789402E1,4.411512852E0,4.455342293E0,-9.989777565E0
1.894455995E1,4.425715446E0,3.599673510E0,-9.623640060E0
1.896122589E1,3.914039612E0,3.410916328E0,-8.277981758E0
1.897789183E1,3.379533052E0,2.842888355E0,-6.386667728E0
1.899455776E1,1.922696948E0,2.550589561E0,-3.705276728E0
1.901122370E1,1.222340465E0,3.418857336E0,-4.083631039E-1
1.902788964E1,1.903530955E0,3.014083147E0,2.811428785E0
1.904455558E1,2.531576395E0,1.481041670E0,5.035358429E0
1.906122152E1,2.614959478E0,3.674351573E-1,6.869250774E0
1.907788745E1,1.347109556E0,-2.090684772E-1,8.861433983E0
1.909455339E1,-1.087797403E0,3.317759335E-1,1.068669796E1
1.911121933E1,-3.093342781E0,1.405981660E0,1.126289558E1
1.912788526E1,-4.019490242E0,1.976223946E0,1.061033916E1
1.914455120E1,-3.825464249E0,1.786397696E0,8.859372139E0
1.916121714E1,-2.308763504E0,2.724456787E-1,6.827406406E0
1.917788308E1,-8.496365547E-1,-1.497000456E0,6.084289551E0
1.919454902E1,-9.338595271E-1,-2.003025532E0,6.642848969E0
1.921121495E1,-2.642677307E0,-1.133841395E0,5.950663090E0
1.922788089E1,-4.659447670E0,-2.503018379E-1,2.934059858E0
1.924454683E1,-4.994124889E0,-1.870773360E-2,1.322827697E0
1.926121276E1,-3.710316420E0,-3.973675370E-1,1.901011229E0
1.927787870E1,-2.289139509E0,-3.382663727E-1,2.308305264E0
1.929454464E1,-2.050062180E0,-1.020144150E-1,1.453552723E0
1.931121058E1,-2.794706345E0,-4.375318885E-1,3.542252183E-1
1.932787652E1,-3.782703876E0,-8.141300082E-1,-2.109774202E-1
1.934454245E1,-4.323318958E0,-7.944296598E-1,-5.989528894E-1
1.936120839E1,-3.870897293E0,-8.496365547E-1,-1.179045439E0
1.937787433E1,-3.154352903E0,-9.219476581E-1,-2.014402866E0
1.939454026E1,-3.238652229E0,-8.824705482E-1,-2.803945780E0
1.941120620E1,-3.720853806E0,-6.337722391E-2,-3.046993494E0
1.942787214E1,-3.278358459E0,1.528536439E0,-3.037525177E0
1.944453808E1,-1.132390618E0,2.757596254E0,-3.395491838E0
1.946120402E1,1.687819362E0,2.606865406E0,-4.750924587E0
1.947786995E1,3.502622366E0,1.765628338E0,-6.302444458E0
1.949453589E1,3.616930246E0,1.621311426E0,-7.121690750E0
1.951120183E1,2.666730165E0,2.402683973E0,-7.102372169E0
1.952786776E1,2.124053240E0,3.435885191E0,-6.634831429E0
1.954453370E1,3.508807182E0,3.322646141E0,-6.264800072E0
1.956119964E1,5.441125393E0,2.238513947E0,-6.341692924E0
1.957786558E1,5.622246742E0,1.256548882E0,-6.476617336E0
1.959453152E1,4.485427380E0,1.141629934E0,-6.893227100E0
1.961119745E1,3.308748960E0,1.584583282E0,-6.374908447E0
1.962786339E1,2.910159826E0,2.628169298E0,-4.939070702E0
1.964452933E1,3.352578640E0,3.502469540E0,-3.463832378E0
1.966119526E1,4.184958458E0,3.379227638E0,-1.924147725E0
1.967786120E1,4.752604485E0,2.364504814E0,-7.905353904E-1
1.969452714E1,4.043924809E0,1.021136880E0,-1.280525327E-1
1.971119308E1,1.958127022E0,2.779434808E-2,6.033816934E-1
1.972785902E1,-5.212967396E-1,6.070468575E-2,1.781510830E0
1.974452495E1,-2.553949356E0,8.945351243E-1,3.285307169E0
1.976119089E1,-3.623802662E0,2.056018114E0,4.883329391E0
1.977785683E1,-3.317224741E0,2.775846004E0,5.990827084E0
1.979452276E1,-1.972787857E0,2.446513414E0,6.318021774E0
1.981118870E1,-2.015853822E-1,8.472694755E-1,5.997012138E0
1.982785464E1,6.557633281E-1,-1.685223222E0,5.121337414E0
1.984452058E1,-4.423424602E-1,-3.109148979E0,4.661814690E0
1.986118652E1,-2.450178623E0,-1.605505347E0,5.212356567E0
1.987785245E1,-4.405098438E0,1.091233611E0,6.730813503E0
1.989451839E1,-6.731042862E0,1.776394725E0,8.613727570E0
1.991118433E1,-8.004008293E0,-1.007163301E-1,6.892081738E0
1.992785026E1,-5.876748085E0,1.891390085E-1,1.764941096E0
1.994451620E1,-2.158108950E0,6.388881803E-1,-8.918625861E-2
1.996118214E1,3.905716538E-1,2.590830326E-1,4.222602770E-2
1.997784808E1,-3.925569654E-1,6.438514590E-1,-1.101083755E-1
1.999451402E1,-2.981478214E0,1.053283572E0,-3.954585791E-1
2.001117995E1,-4.576140881E0,3.981311321E-1,-5.083922148E-1
2.002784589E1,-4.316294193E0,-4.940368831E-1,-4.676169753E-1
2.004451183E1,-3.137554169E0,-8.872047067E-1,-3.205513060E-1
2.006117776E1,-2.054643631E0,-1.446833253E0,6.673697382E-2
2.007784370E1,-1.427972794E0,-2.089539289E0,5.865828991E-1
2.009450964E1,-1.002734542E0,-2.589913845E0,8.099303246E-1
2.011117558E1,-4.991528690E-1,-2.677878380E0,4.763981700E-1
2.012784152E1,2.664133906E-1,-1.891313672E0,-5.613083839E-1
2.014450745E1,8.999565244E-1,-6.185005903E-1,-2.115577459E0
2.016117339E1,1.446146011E0,-4.457022250E-1,-3.574933290E0
2.017783933E1,1.821904182E0,-1.231045246E0,-4.302396774E0
2.019450526E1,1.579390883E0,-2.046855211E0,-4.256811142E0
2.021117120E1,6.902008653E-1,-1.634368658E0,-3.887543440E0
2.022783714E1,3.344484791E-2,-9.605848789E-2,-3.401142359E0
2.024450308E1,4.101193547E-1,1.467602611E0,-3.337001562E0
2.026116902E1,2.199571371E0,1.149265766E0,-2.235306978E0
2.027783495E1,2.839986801E0,6.711876392E-2,-7.391464114E-1
2.029450089E1,1.536401272E0,2.146960735E0,-2.114050388E0
2.031116683E1,1.733863354E0,5.239005566E0,-3.974591732E0
2.032783276E1,4.821250439E0,5.229613304E0,-3.697946310E0
2.034449870E1,7.687809467E0,4.113563538E0,-2.276234865E0
2.036116464E1,8.098081589E0,3.464443207E0,-2.159941435E0
2.037783058E1,6.343067169E0,3.436114311E0,-2.909014463E0
2.039449652E1,3.753305912E0,3.780794859E0,-3.295462847E0
2.041116245E1,2.198731422E0,3.748571634E0,-3.639761448E0
2.042782839E1,2.097480536E0,3.115639448E0,-4.087143421E0
2.044449433E1,2.368933678E0,2.046626091E0,-3.973980904E0
2.046116026E1,1.639102936E0,6.336194873E-1,-3.532172918E0
2.047782620E1,-4.508182108E-1,-4.441750646E-1,-2.819293737E0
2.049449214E1,-2.604574680E0,-4.958694875E-1,-2.050520420E0
2.051115808E1,-3.593870163E0,-2.504545450E-1,-1.306792498E0
2.052782402E1,-3.660378218E0,-6.433169842E-1,-9.529490769E-2
2.054448995E1,-3.241935730E0,-1.447978616E0,1.674838543E0
2.056115589E1,-2.570900679E0,-2.459952354E0,3.794768333E0
2.057782183E1,-2.032958031E0,-3.372202635E0,5.728766441E0
2.059448776E1,-2.103436470E0,-3.677176952E0,6.439201832E0
2.061115370E1,-4.547201157E0,-4.053011417E0,6.717832565E0
2.062781964E1,-9.240704536E0,-2.856403828E0,7.281813622E0
2.064448558E1,-1.164361763E1,3.746128380E-1,5.597735882E0
2.066115152E1,-8.589751244E0,1.425529361E0,2.961625099E0
2.067781745E1,-2.063959360E0,-1.607567072E0,1.899178624E0
2.069448339E1,2.405738115E0,-3.376784086E0,2.321667910E0
2.071114933E1,1.538615704E0,-1.750203967E0,2.378707409E0
2.072781526E1,-2.422002554E0,4.877755344E-1,1.805181742E0
2.074448120E1,-5.729377270E0,1.077489138E0,1.105054379E0
2.076114714E1,-6.562291145E0,2.329685539E-1,4.676169753E-1
2.077781308E1,-5.258782387E0,-1.017242551E0,1.633299738E-1
2.079447902E1,-3.144579172E0,-2.163759470E0,4.635699987E-1
2.081114495E1,-1.570151567E0,-2.827158451E0,1.052825451E0
2.082781089E1,-7.043271065E-1,-3.036761522E0,1.462333918E0
2.084447683E1,-3.333794475E-1,-2.362595797E0,1.440571904E0
2.086114276E1,6.093376130E-2,-9.174425602E-1,5.193877816E-1
2.087780870E1,9.299652576E-1,4.017963111E-1,-8.153517842E-1
2.089447464E1,2.245462656E0,4.938841760E-1,-1.691255450E0
2.091114058E1,3.480173111E0,-4.441750646E-1,-1.990121126E0
2.092780652E1,3.872806311E0,-1.144531488E0,-2.171318769E0
2.094447245E1,3.301953316E0,-1.200196624E0,-2.623969555E0
2.096113839E1,2.363893986E0,-8.840740323E-1,-3.253847599E0
2.097780433E1,2.231412649E0,-9.208022952E-1,-2.725602388E0
2.099447026E1,3.159545422E0,-1.084666729E0,-9.616538882E-1
2.101113620E1,4.064083576E0,-5.716167092E-1,-1.235168576E0
2.102780214E1,4.237110615E0,6.791289449E-1,-3.635867119E0
2.104446808E1,4.561556339E0,1.818773508E0,-5.070559502E0
2.106113402E1,5.856360435E0,2.163377523E0,-4.632645607E0
2.107779995E1,6.986613274E0,1.563508391E0,-3.559890747E0
2.109446589E1,7.070912361E0,8.332195878E-1,-3.215974092E0
2.111113183E1,6.141710758E0,6.160571575E-1,-3.423209906E0
2.112779776E1,4.874395370E0,4.829649627E-1,-3.502164125E0
2.114446370E1,3.894263029E0,1.594357044E-1,-3.379762173E0
2.116112964E1,3.211774349E0,-1.050687432E-1,-3.381518364E0
2.117779558E1,2.554331064E0,-2.161697745E-1,-3.653658628E0
2.119446152E1,1.640095592E0,-1.832594275E-1,-4.059654713E0
2.121112745E1,2.707658112E-1,-4.580722153E-1,-4.323548317E0
2.122779339E1,-1.771736979E0,-9.923498631E-1,-4.026133537E0
2.124445933E1,-3.592190266E0,-1.203709006E0,-3.007363558E0
2.126112526E1,-4.450913429E0,-1.067333460E0,-1.419497013E0
2.127779120E1,-4.089587212E0,-5.258018374E-1,5.670352578E-1
2.129445714E1,-2.845484495E0,-2.122755051E-1,2.772257090E0
2.131112308E1,-1.176907301E0,-4.421133697E-1,5.112938404E0
2.132778902E1,1.853974611E-1,-1.722791433E0,7.075036049E0
2.134445495E1,-5.849030241E-2,-3.189859629E0,8.098616600E0
2.136112089E1,-3.790950537E0,-9.652426839E-1,9.055230141E0
2.137778683E1,-8.702074051E0,3.073260784E0,7.644361973E0
2.139445276E1,-1.110995007E1,4.076606274E0,2.631758213E0
2.141111870E1,-6.832446098E0,-5.303069949E-1,-6.149117351E-1
2.142778464E1,7.464767694E-1,-4.335689068E0,-8.215367794E-1
2.144445058E1,3.855320454E0,-4.584158421E0,-3.933969140E-1
2.146111652E1,2.342208385E0,-3.106858253E0,-8.529199660E-2
2.147778245E1,-5.268708467E-1,-1.160108566E0,2.724456787E-1
2.149444839E1,-2.563875914E0,-4.085158110E-1,4.892263412E-1
2.151111433E1,-2.935739756E0,-1.024038434E0,4.537198246E-1
2.152778026E1,-1.342298985E0,-2.287765026E0,1.084285006E-1
2.154444620E1,1.162399292E0,-3.253847599E0,-3.431532979E-1
2.156111214E1,2.924515247E0,-3.299280643E0,-7.312815189E-1
2.157777808E1,3.633118391E0,-2.777907610E0,-1.146975040E0
2.159444402E1,3.610974312E0,-2.284328938E0,-1.624747634E0
2.161110995E1,3.014770508E0,-1.937815785E0,-1.991801023E0
2.162777589E1,1.882990718E0,-1.521282434E0,-2.070297003E0
2.164444183E1,3.006218374E-1,-9.379065037E-1,-1.705534458E0
2.166110776E1,-1.485317707E0,4.680751264E-2,-5.815432668E-1
2.167777370E1,-2.937495947E0,1.112919211E0,1.482034326E0
2.169443964E1,-3.623497248E0,1.624594927E0,4.465039730E0
2.171110558E1,-3.508043766E0,1.422856808E0,6.123461246E0
2.172777152E1,-2.452774763E0,2.151083946E0,2.594724417E0
2.174443745E1,-1.852447391E0,2.385961533E0,-1.386739373E0
2.176110339E1,-5.658135191E-2,1.258152366E0,-1.091233611E0
2.177776933E1,2.574947834E0,9.136246443E-1,-1.624136716E-1
2.179443526E1,4.811094761E0,2.276616573E0,-1.599778533E0
2.181110120E1,6.259149551E0,3.340819597E0,-2.618090153E0
2.182776714E1,7.038460255E0,3.351127863E0,-2.066020966E0
2.184443308E1,7.168803692E0,2.666348457E0,-1.214093804E0
2.186109902E1,6.325886726E0,2.142073631E0,-8.471167088E-1
2.187776495E1,4.657614708E0,2.025016785E0,-9.067524076E-1
2.189443089E1,2.812726974E0,2.034790516E0,-1.300531149E0
2.191109683E1,1.267086267E0,2.078238249E0,-1.787543058E0
2.192776276E1,2.376264036E-1,1.860083222E0,-2.001116753E0
2.194442870E1,-2.714530230E-1,1.278540015E0,-1.843284488E0
2.196109464E1,-5.745183229E-1,6.617956161E-1,-1.463479280E0
2.197776058E1,-9.776127338E-1,2.706894577E-1,-9.870047569E-1
2.199442652E1,-1.581758022E0,-2.441931963E-1,-6.095666885E-1
2.201109245E1,-2.330830812E0,-7.208204269E-1,-1.661552191E-1
2.202775839E1,-2.822347879E0,-8.844558597E-1,3.966803253E-1
2.204442433E1,-2.750647783E0,-1.072144032E0,1.057254195E0
2.206109026E1,-2.052963734E0,-1.360319495E0,1.638186574E0
2.207775620E1,-1.147738576E0,-2.241797447E0,1.744095325E0
2.209442214E1,-1.500742078E0,-3.304931164E0,2.246760607E0
2.211108808E1,-2.302273035E0,-2.827616692E0,4.289568901E0
2.212775402E1,-1.779601812E0,-4.740310609E-1,4.423577309E0
2.214441995E1,-2.182696104E0,1.736077666E0,9.726494551E-1
2.216108589E1,-3.267668486E0,3.669770062E-1,-2.060523272E0
2.217775183E1,-3.369988203E0,-1.275791049E0,-2.617097378E0
2.219441776E1,-2.763017654E0,-1.506774306E0,-1.504788995E0
2.221108370E1,-2.176740170E0,-9.493602514E-1,-1.401934624E-1
2.222774964E1,-1.958966970E0,-1.332448870E-1,6.548470259E-1
2.224441558E1,-1.925063968E0,2.510654330E-1,9.749401808E-1
2.226108152E1,-1.582139730E0,3.705658615E-1,1.182023406E0
2.227774745E1,-5.903244615E-1,6.085740402E-2,1.489899158E0
2.229441339E1,9.160680771E-1,-7.289907336E-1,1.770897031E0
2.231107933E1,2.270355225E0,-1.520747900E0,1.858556032E0
2.232774526E1,2.808679819E0,-2.068311691E0,1.700800300E0
2.234441120E1,2.376111269E0,-2.385503292E0,1.205999732E0
2.236107714E1,1.217300773E0,-2.465908289E0,5.532907844E-1
2.237774308E1,-5.253437161E-2,-2.148182392E0,7.254019380E-2
2.239440902E1,-8.672752976E-1,-1.735772252E0,-1.091920771E-2
2.241107495E1,-9.022472501E-1,-1.604130864E0,4.702131748E-1
2.242774089E1,-3.342957497E-1,-1.945986152E0,1.502727389E0
2.244440683E1,2.196058929E-1,-2.593121052E0,2.503629208E0
2.246107276E1,-1.544724256E-1,-3.111515999E0,2.714606762E0
2.247773870E1,-1.726380229E0,-3.157025576E0,2.569908142E0
2.249440464E1,-3.090975761E0,-2.308381557E0,2.768362761E0
2.251107058E1,-3.049055099E0,-6.195695996E-1,3.126711369E0
2.252773652E1,-1.743560791E0,7.732784748E-1,4.226573467E0
2.254440245E1,2.076176703E-1,8.787289858E-1,5.989911079E0
2.256106839E1,1.557247043E0,1.019380614E-1,7.566476822E0
2.257773433E1,1.062064767E0,3.770562708E-1,8.123585701E0
2.259440026E1,-9.856303334E-1,2.028223753E0,7.872596264E0
2.261106620E1,-2.802571297E0,3.938856125E0,7.897412777E0
2.262773214E1,-3.253694773E0,4.708927631E0,8.615179062E0
2.264439808E1,-3.012021542E0,4.251466274E0,9.616615295E0
2.266106402E1,-2.759123564E0,3.783238411E0,1.016937160E1
2.267772995E1,-2.894048214E0,3.444742918E0,9.649144173E0
2.269439589E1,-3.243233919E0,3.108538151E0,8.155350685E0
2.271106183E1,-3.536448956E0,2.492404699E0,5.618199825E0
2.272772776E1,-4.139525414E0,1.462181211E0,2.738125086E0
2.274439370E1,-4.941819668E0,3.111592531E-1,8.102357984E-1
2.276105964E1,-4.738248825E0,-8.457422853E-1,-6.032289565E-2
2.277772558E1,-3.364032269E0,-1.253112793E0,-1.037706509E-1
2.279439152E1,-1.947436929E0,-7.044034600E-1,3.784307241E-1
2.281105745E1,-1.440342784E0,-1.771507785E-2,5.488619804E-1
2.282772339E1,-1.732717991E0,1.559995860E-1,-4.113410711E-1
2.284438933E1,-2.187048674E0,-3.242164850E-1,-1.862984896E0
2.286105526E1,-1.545487881E0,-8.732311726E-1,-2.398178816E0
2.287772120E1,5.066359639E-1,-5.872701406E-1,-1.875736713E0
2.289438714E1,2.755610943E0,3.649916947E-1,-8.082504869E-1
2.291105308E1,3.945575714E0,1.517464519E0,-4.166861475E-1
2.292771902E1,3.949088097E0,2.280892611E0,-1.294422507E0
2.294438495E1,3.606698275E0,2.814101219E0,-2.626413107E0
2.296105089E1,3.598299026E0,3.219562769E0,-3.548818827E0
2.297771683E1,4.085769176E0,3.280343771E0,-3.799502611E0
2.299438276E1,4.822395802E0,2.635652542E0,-3.230023861E0
2.301104870E1,4.932045937E0,1.755243540E0,-2.103054762E0
2.302771464E1,4.741074085E0,1.031979680E0,-1.277241945E0
2.304438058E1,4.400135517E0,5.510000587E-1,-1.213253856E0
2.306104652E1,3.927249670E0,3.335321844E-1,-1.759214163E0
2.307771245E1,3.530416727E0,5.047270060E-1,-2.421238899E0
2.309437839E1,3.562563419E0,8.574250937E-1,-2.762177706E0
2.311104433E1,3.743532181E0,1.044731498E0,-2.859916210E0
2.312771026E1,3.051422358E0,9.691369534E-1,-2.745760918E0
2.314437620E1,1.743102670E0,7.947350740E-1,-2.607247353E0
2.316104214E1,1.266551733E0,2.887099683E-1,-2.540663004E0
2.317770808E1,1.652160168E0,-4.928915203E-1,-2.590753794E0
2.319437402E1,2.129703760E0,-1.250669241E0,-2.698953390E0
2.321103995E1,2.156429052E0,-1.943313599E0,-2.778136730E0
2.322770589E1,1.668729901E0,-2.753549337E0,-2.058308840E0
2.324437183E1,1.790215611E0,-4.083325386E0,-2.664897591E-2
2.326103776E1,3.538892269E0,-5.327733517E0,1.178587198E0
2.327770370E1,5.583838463E0,-4.787576199E0,9.491311759E-2
2.329436964E1,5.758622169E0,-2.216446400E0,-2.262108564E0
2.331103558E1,4.149069786E0,3.891208768E-1,-3.825693369E0
2.332770152E1,2.456210852E0,2.269744396E0,-3.941986799E0
2.334436745E1,1.465006471E0,3.285154343E0,-3.052414894E0
2.336103339E1,1.483256102E0,2.673678875E0,-2.191859245E0
2.337769933E1,2.299371481E0,8.972076178E-1,-1.660406828E0
2.339436526E1,3.108156443E0,-6.808087826E-1,-1.456988811E0
2.341103120E1,3.354640245E0,-1.480659842E0,-1.487150311E0
2.342769714E1,3.046306372E0,-1.479438186E0,-1.575114846E0
2.344436308E1,2.267911911E0,-1.047098637E0,-1.479590893E0
2.346102902E1,1.239368320E0,-4.450913370E-1,-1.200807452E0
2.347769495E1,2.942077518E-1,1.136972085E-1,-8.300888538E-1
2.349436089E1,-4.796051979E-1,3.559050858E-1,-4.404335022E-1
2.351102683E1,-1.185230374E0,4.479165971E-1,-6.887500733E-2
2.352769276E1,-1.760130525E0,4.363101721E-1,1.660788655E-1
2.354435870E1,-2.129550934E0,2.383899838E-1,3.469711840E-1
2.356102464E1,-2.394971609E0,-4.886918236E-3,5.239692926E-1
2.357769058E1,-2.492710114E0,-3.396408260E-1,7.234929800E-1
2.359435652E1,-2.656345606E0,-9.321796298E-1,8.954514265E-1
2.361102245E1,-3.191004992E0,-1.729434490E0,9.951750636E-1
2.362768839E1,-4.174344540E0,-1.911472201E0,1.677892804E0
2.364435433E1,-5.046430111E0,-9.096540213E-1,3.784230947E0
2.366102026E1,-5.019934177E0,1.801363826E0,5.196474075E0
2.367768620E1,-5.188838005E0,6.439125538E0,2.837237835E0
2.369435214E1,-5.855978966E0,8.439707756E0,-1.328019977E0
2.371101808E1,-5.077966213E0,6.568171024E0,-2.857701778E0
2.372768402E1,-2.916650295E0,3.257359982E0,-2.188728571E0
2.374434995E1,-7.418952584E-1,-8.628465235E-3,-9.988402724E-1
2.376101589E1,1.853211075E-1,-1.700647593E0,-2.483165264E-1
2.377768183E1,-2.015090138E-1,-1.731878042E0,-9.483675659E-2
2.379434776E1,-1.402011037E0,-7.738893032E-1,-4.084394574E-1
2.381101370E1,-2.765842915E0,4.687623680E-1,-7.400626540E-1
2.382767964E1,-3.724442482E0,1.466228127E0,-8.578068614E-1
2.384434558E1,-4.111043453E0,2.019977093E0,-8.040507436E-1
2.386101152E1,-3.796524525E0,2.042960882E0,-7.066178322E-1
2.387767745E1,-2.687728643E0,1.411250353E0,-4.134027362E-1
2.389434339E1,-1.019304276E0,3.687332571E-1,-7.903063297E-2
2.391100933E1,5.795579553E-1,-5.397753716E-1,5.444332212E-2
2.392767526E1,1.691942692E0,-9.512691498E-1,-1.130099818E-1
2.394434120E1,2.137339592E0,-9.650899768E-1,-3.456731141E-1
2.396100714E1,1.983096123E0,-7.552579641E-1,-4.266127050E-1
2.397767308E1,1.526627421E0,-5.616901517E-1,-4.788416326E-1
2.399433902E1,1.115668178E0,-6.669116020E-1,-1.857028902E-1
2.401100495E1,8.513928056E-1,-1.306105256E0,1.010523081E0
2.402767089E1,9.533308744E-1,-2.586783171E0,2.055559874E0
2.404433683E1,1.343138933E0,-2.415435791E0,1.028085470E0
2.406100276E1,1.305799842E0,2.079230994E-1,-1.078481793E0
2.407766870E1,6.023126841E-1,2.852814913E0,-2.425133228E0
2.409433464E1,5.758163929E-1,4.132882118E0,-2.395964384E0
2.411100058E1,1.218446136E0,4.136394501E0,-1.444313407E0
2.412766652E1,1.820224285E0,3.453905821E0,-5.773435831E-1
2.414433245E1,2.053192854E0,2.754694700E0,-2.025780380E-1
2.416099839E1,1.981874466E0,2.037234068E0,-1.607337892E-1
2.417766433E1,1.767002702E0,1.391015410E0,-3.915643096E-1
2.419433026E1,1.481423497E0,8.422298431E-1,-7.956513762E-1
2.421099620E1,1.050687432E0,6.315578222E-1,-1.204319954E0
2.422766214E1,4.963276386E-1,8.824705482E-1,-1.419268012E0
2.424432808E1,-5.574141070E-2,1.320689678E0,-1.410028577E0
2.426099402E1,-5.704713464E-1,1.728594661E0,-1.317940712E0
2.427765995E1,-1.075961947E0,2.076024055E0,-1.398498535E0
2.429432589E1,-1.473024011E0,2.530125618E0,-1.669875264E0
2.431099183E1,-1.741499186E0,2.889772177E0,-1.861152291E0
2.432765776E1,-2.018220901E0,3.063945055E0,-1.934608698E0
2.434432370E1,-2.212017775E0,3.180925608E0,-1.627649188E0
2.436098964E1,-2.071824312E0,3.263468742E0,-1.436295867E0
2.437765558E1,-1.668118954E0,2.988274097E0,-1.905669093E0
2.439432152E1,-1.686673999E0,1.429652691E0,-2.248593330E0
2.441098745E1,-2.427805662E0,2.523635030E-1,-1.914144754E0
2.442765339E1,-2.219500780E0,7.352521420E-1,-1.455309033E0
2.444431933E1,-8.877392411E-1,1.624213099E0,-1.514791965E0
2.446098526E1,-4.627300799E-2,1.848095059E0,-1.592677236E0
2.447765120E1,-5.820014477E-1,1.656054378E0,-1.715155602E0
2.449431714E1,-1.770286083E0,1.778761864E0,-2.171471596E0
2.451098308E1,-2.678947449E0,2.051360369E0,-2.448651552E0
2.452764902E1,-2.818911791E0,1.809381485E0,-2.210032463E0
2.454431495E1,-2.111835957E0,1.602451086E0,-1.640553713E0
2.456098089E1,-1.363831997E0,1.479896307E0,-1.039844513E0
2.457764683E1,-8.378773928E-1,1.353065491E0,-4.539488852E-1
2.459431276E1,-5.731438994E-1,1.375438452E0,-6.283507943E-1
2.461097870E1,-5.597811937E-1,1.839466572E0,-8.632283211E-1
2.462764464E1,-6.285798550E-1,2.572580576E0,-6.285798550E-1
2.464431058E1,-5.299251676E-1,2.747058868E0,-1.454621702E-1
2.466097652E1,-3.009272516E-1,2.805091143E0,5.252673626E-1
2.467764245E1,1.559232324E-1,2.890612125E0,1.068097115E0
2.469430839E1,6.217076182E-1,3.213225126E0,1.306334376E0
2.471097433E1,8.095485568E-1,3.194288254E0,1.317329884E0
2.472764026E1,1.330158114E0,3.413741350E0,1.058628678E0
2.474430620E1,2.459418058E0,3.054858446E0,8.547525406E-1
2.476097214E1,3.551186085E0,2.360763311E0,8.255837560E-1
2.477763808E1,4.769556046E0,-1.185841262E-1,5.419898033E-1
2.479430402E1,5.316356182E0,-1.147662163E0,1.297324002E-1
2.481096995E1,3.206734657E0,-2.332129002E0,1.653152853E-1
2.482763589E1,6.184242368E-1,-3.280496597E0,9.011782408E-1
2.484430183E1,-1.319467872E-1,-1.169653296E0,7.680860758E-1
2.486096776E1,-1.064584613E0,3.391063213E-1,2.513708472E-1
2.487763370E1,-1.540982723E0,1.439884663E0,-8.323032409E-2
2.489429964E1,-1.643226266E0,1.525558472E0,-8.659008145E-2
2.491096558E1,-1.079016328E0,8.426116109E-1,3.930914998E-1
2.492763152E1,1.242346242E-1,1.793651730E-1,7.803797722E-1
2.494429745E1,8.441387415E-1,5.940660089E-2,6.419425011E-1
2.496096339E1,6.270527244E-1,5.899426341E-1,-2.035706937E-1
2.497762933E1,1.084284950E-2,1.034499526E0,-9.564615488E-1
2.499429526E1,-5.758163929E-1,1.213559270E0,-6.147590280E-1
2.501096120E1,-6.734784245E-1,1.034881353E0,2.690859437E-1
2.502762714E1,-1.819613427E-1,4.762454629E-1,6.181951761E-1
2.504429308E1,4.136318266E-1,1.666897237E-1,4.485274553E-1
2.506095902E1,7.397572398E-1,4.439459741E-1,3.119991720E-1
2.507762495E1,5.632936954E-1,9.466876984E-1,3.072649837E-1
2.509429089E1,1.404225379E-1,1.008003235E0,3.937023580E-1
2.511095683E1,-2.856556475E-1,6.987529397E-1,4.305832982E-1
2.512762276E1,-3.239110410E-1,2.724456787E-1,4.328740537E-1
2.514428870E1,2.393826395E-1,-1.274416596E-1,4.600575268E-1
2.516095464E1,7.001274228E-1,-2.791652083E-1,4.619664848E-1
2.517762058E1,5.565741658E-1,-3.486510813E-1,3.517817557E-1
2.519428652E1,7.712167688E-3,-4.142426848E-1,2.781725526E-1
2.521095245E1,-2.719111741E-1,-2.758054435E-1,1.279761642E-1
2.522761839E1,1.374445762E-2,1.514181048E-1,-2.015853859E-2
2.524428433E1,3.801869750E-1,5.316814184E-1,-2.741255611E-2
2.526095026E1,-2.919169962E-1,5.715403557E-1,1.248454899E-1
2.527761620E1,-6.246855855E-1,-9.384410083E-2,9.773836471E-3
2.529428214E1,-3.324631453E-1,-4.636463821E-1,-1.411861181E-1
2.531094808E1,-2.562577724E-1,-4.874700904E-1,-7.399099320E-2
