"Time (s)","Linear Acceleration x (m/s^2)","Linear Acceleration y (m/s^2)","Linear Acceleration z (m/s^2)"
3.565989800E-2,0.000000000E0,0.000000000E0,0.000000000E0
5.232583600E-2,3.772056103E-2,-8.285665512E-2,-2.473192215E-1
6.899177300E-2,3.117585182E-2,-8.229303360E-2,-6.909008026E-1
8.565771100E-2,3.968000412E-2,7.849502563E-2,-7.919559479E-1
1.023236480E-1,1.811903715E-1,-7.662773132E-3,-6.946258545E-1
1.189895860E-1,9.989368916E-2,-9.741497040E-2,-6.495537758E-1
1.356555230E-1,-1.604562998E-1,-4.020118713E-2,-1.982231140E-1
1.523214610E-1,-2.825074196E-1,-6.657218933E-2,5.775356293E-2
1.689873980E-1,-2.803637981E-1,-9.418964386E-3,1.251678467E-1
1.856533360E-1,-1.583678722E-1,-6.181716919E-3,3.005313873E-2
2.023192730E-1,-5.284166336E-2,-5.923318863E-2,-1.238718033E-1
2.189852110E-1,-1.817619801E-1,5.679655075E-2,-1.210670471E-1
2.356511480E-1,-3.227211237E-1,1.657290459E-1,7.109642029E-2
2.523170860E-1,-2.569102049E-1,7.166147232E-2,2.745313644E-1
2.689830230E-1,-1.703957319E-1,1.142740250E-2,2.075910568E-1
2.856489610E-1,-2.413419485E-1,1.602025032E-1,4.322338104E-2
3.023148980E-1,-2.828947306E-1,1.741046906E-1,-9.920501709E-2
3.189808360E-1,-3.692576885E-1,2.578287125E-1,-1.355485916E-1
3.356467730E-1,-4.079999924E-1,2.725701332E-1,1.546020508E-1
3.523127110E-1,-5.327053070E-1,3.744716644E-1,5.672607422E-1
3.689786480E-1,-5.046936274E-1,4.879736900E-1,7.428159714E-1
3.856445860E-1,-3.158572912E-1,6.554675102E-2,5.890531540E-1
4.023105230E-1,1.520437002E-1,-1.810047626E-1,2.761583328E-1
4.189764610E-1,1.083523035E-1,-7.776927948E-2,2.979278564E-3
4.356423980E-1,-2.944409847E-1,3.977766037E-1,5.606269836E-2
4.523083360E-1,5.405879021E-2,1.216368675E-1,-2.440519333E-1
4.689742730E-1,6.648421288E-1,-7.263588905E-2,-6.781654358E-1
4.856402110E-1,7.410415411E-1,-1.711015701E-1,-2.652301788E-1
5.023061480E-1,6.107908487E-1,-1.705465317E-1,1.974411011E-1
5.189720860E-1,2.843033075E-1,4.588437080E-2,5.801887512E-1
5.356380230E-1,5.901180506E-1,3.198604584E-1,2.271366119E-2
5.523039610E-1,6.986832023E-1,2.850489616E-1,-5.830869675E-1
5.689698980E-1,2.038013935E-2,2.302229404E-1,-5.446443558E-1
5.856358360E-1,-1.794955730E-1,-4.651008844E-1,-1.016844749E0
6.023017730E-1,6.801479459E-1,-1.154199123E0,-6.482734680E-1
6.189677110E-1,6.003912091E-1,-1.218886137E0,2.609863281E-1
6.356336480E-1,6.392323971E-2,6.253612041E-2,1.470146179E-1
6.522995860E-1,-1.451812387E-1,6.834123135E-1,5.547723770E-1
6.689655230E-1,-1.650909781E-1,-1.322305202E-2,5.354776382E-1
6.856314610E-1,-2.473235726E-1,-4.724869728E-1,1.200733185E-1
7.022973980E-1,-2.237178683E-1,-5.246641636E-1,-2.008247375E-1
7.189633360E-1,-5.952426791E-1,-1.703814268E-1,-1.416511536E-1
7.356292730E-1,-4.545077682E-1,1.313331127E-1,6.649103165E-1
7.522952110E-1,-4.285709858E-1,4.775813818E-1,7.118730545E-1
7.689611480E-1,-5.396641493E-1,1.234550714E0,6.120882034E-1
7.856270860E-1,-3.360127807E-1,4.277392626E-1,1.086397171E-1
8.022930230E-1,1.774259806E-1,-6.971217394E-1,-2.986555099E-1
8.189589610E-1,7.834085822E-1,9.727394581E-2,-8.613519669E-1
8.356248980E-1,4.859616458E-1,2.088136673E0,-6.486539841E-1
8.522908360E-1,4.717463851E-1,1.468358874E0,-1.514406204E-1
8.689567730E-1,3.454343081E-1,7.025769949E-1,4.099540710E-1
8.856227110E-1,7.931687236E-1,-1.022370577E0,3.944015503E-1
9.022886480E-1,4.671338797E-1,-2.898044348E0,-1.064335823E0
9.189545860E-1,-8.331102133E-2,-1.519993186E0,-8.424882889E-1
9.356205230E-1,7.587634921E-1,-1.013276577E-1,2.313795090E-1
9.522864610E-1,8.138448000E-1,1.365971565E-2,4.496831894E-1
9.689523980E-1,4.710581601E-1,6.887960434E-2,1.013920784E0
9.856183360E-1,5.376275778E-1,-1.524095535E-1,8.752040863E-1
1.002284273E0,6.158776879E-1,-1.107004523E0,-4.273490906E-1
1.018950211E0,1.052139759E0,-5.124187469E-1,-2.386150837E0
1.035616148E0,-1.317335963E-1,-5.033203363E-1,-2.645884991E0
1.052282086E0,-2.259828448E-1,-1.400096416E-1,-5.334653854E-1
1.068948023E0,-2.942991257E-2,1.708364487E-2,7.712211609E-1
1.085613961E0,6.981956959E-1,-5.613785982E-1,1.128824234E0
1.102279898E0,5.999817252E-1,-7.330818176E-1,2.798480988E-1
1.118945836E0,-1.203067183E0,-1.350975037E-2,2.387599945E-1
1.135611773E0,-3.446752727E-1,4.294676781E-1,4.099454880E-1
1.152277711E0,4.694106281E-1,-2.908415794E-1,1.696834564E-1
1.168943648E0,1.375810862E0,-4.389855862E-1,-8.680152893E-2
1.185609586E0,9.930251241E-1,-6.242752075E-2,-1.923933029E-1
1.202275523E0,-2.145636678E-1,-2.595548630E-1,-1.231822968E-1
1.218941461E0,-1.217119336E0,7.293677330E-1,3.370361328E-1
1.235607398E0,-1.667497873E0,1.163192272E0,2.466936111E-1
1.252273336E0,-1.314269423E0,8.873479366E-1,-1.406927109E-1
1.268939273E0,-7.464239001E-1,5.175988674E-1,-8.670120239E-1
1.285605211E0,-3.817421794E-1,-5.077648163E-2,-1.372362614E0
1.302271148E0,-2.008754760E-1,-4.700732231E-2,-1.225731850E0
1.318937086E0,4.830858111E-1,-7.672190666E-2,-1.691042423E0
1.335603023E0,3.889132142E-1,4.932639599E-1,-2.821822643E0
1.352268961E0,4.847945869E-1,1.740162849E0,-1.135212898E0
1.368934898E0,1.254245639E0,7.612154484E-1,-1.869614601E0
1.385600836E0,1.999069095E0,-4.803419113E-3,-1.952758312E0
1.402266773E0,1.950698018E0,2.856838703E-1,-6.431531906E-1
1.418932711E0,4.172107577E-2,1.221388817E0,-9.701251984E-2
1.435598648E0,1.718341708E-1,1.684970140E0,-2.180643082E-1
1.452264586E0,2.036178112E-1,3.161799908E-1,3.349981308E-1
1.468930523E0,1.153786540E0,5.039792061E-1,-1.014328957E0
1.485596461E0,5.328526497E-1,2.228565216E-1,-1.469692230E0
1.502262398E0,-1.248556733E0,2.939162254E-1,-1.475608349E0
1.518928336E0,-9.412732124E-1,6.398916245E-3,7.992410660E-1
1.535594273E0,3.219540119E-1,-1.647791862E-1,2.843706131E0
1.552260211E0,1.150327921E0,2.125389576E-1,1.329072952E0
1.568926148E0,2.161097527E-1,7.361674309E-2,6.701002121E-1
1.585592086E0,-5.549876690E-1,4.508223534E-1,4.671316147E-1
1.602258023E0,-8.987236023E-1,3.572905064E-1,3.140678406E-1
1.618923961E0,-1.076480985E0,6.587824821E-1,3.561763763E-1
1.635589898E0,-4.909741879E-1,6.329426765E-1,5.636205673E-1
1.652255836E0,1.571567059E-1,5.327961445E-1,3.030500412E-1
1.668921773E0,1.980335712E-1,5.845401287E-1,2.153863907E-1
1.685587711E0,-1.875321865E-1,6.406264305E-1,7.270441055E-1
1.702253648E0,-5.720949173E-1,6.255662441E-1,9.340562820E-1
1.718919586E0,-7.673325539E-1,6.428599358E-1,8.056879044E-1
1.735585523E0,-6.292479038E-1,4.982299805E-1,8.921136856E-1
1.752251461E0,-3.391423225E-1,4.638736248E-1,1.245550156E0
1.768917398E0,1.903631687E-1,5.735144615E-1,1.222536087E0
1.785583336E0,2.621459961E-1,6.981685162E-1,6.008014679E-1
1.802249273E0,-9.290480614E-2,5.909087658E-1,-1.208162308E-1
1.818915211E0,-5.280652046E-1,4.768626690E-1,-1.485414505E-1
1.835581148E0,-5.988905430E-1,2.823915482E-1,3.261365891E-1
1.852247086E0,-4.549565315E-1,2.458462715E-1,4.730472565E-1
1.868913023E0,-3.232769966E-1,2.196700573E-1,4.337892532E-1
1.885578961E0,-1.502420902E-1,2.809305191E-1,3.207006454E-1
1.902244898E0,7.210946083E-2,1.527318954E-1,-1.602077484E-2
1.918910836E0,1.173210144E-1,1.004345417E-1,-2.414894104E-2
1.935576773E0,7.988190651E-2,-2.165770531E-2,2.437295914E-1
1.952242711E0,7.877993584E-2,-8.819079399E-2,5.733156204E-1
1.968908648E0,1.185193062E-1,-1.141362190E-1,8.147001266E-1
1.985574586E0,1.834022999E-1,-1.788601875E-1,9.998207092E-1
2.002240523E0,2.540972233E-1,-3.005588055E-1,7.319879532E-1
2.018906461E0,3.842329979E-2,-3.674349785E-1,5.316839218E-1
2.035572398E0,-1.276781559E-1,-3.184618950E-1,3.703203201E-1
2.052238336E0,9.737730026E-2,-4.472353458E-1,1.817970276E-1
2.068904273E0,1.755003929E-1,-3.923947811E-1,3.243637085E-2
2.085570211E0,7.996129990E-2,-4.028298855E-1,2.047824860E-1
2.102236148E0,3.948497772E-2,-4.849362373E-1,5.656471252E-1
2.118902086E0,-7.154321671E-2,-4.940698147E-1,5.911197662E-1
2.135568023E0,-7.443094254E-2,-5.092937946E-1,4.869804382E-1
2.152233961E0,3.382921219E-2,-4.838888645E-1,2.743425369E-1
2.168899898E0,1.978540421E-1,-4.836368561E-1,1.789665222E-2
2.185565836E0,2.122368813E-1,-4.369962215E-1,-1.383571625E-1
2.202231773E0,1.611123085E-1,-4.612693787E-1,9.198188782E-3
2.218897711E0,1.371903419E-1,-4.086873531E-1,-1.996612549E-2
2.235563648E0,1.729893684E-1,-4.200568199E-1,-2.136077881E-1
2.252229586E0,1.480603218E-1,-4.538142681E-1,-9.520816803E-2
2.268895523E0,6.224393845E-2,-4.347498417E-1,3.722124100E-1
2.285561461E0,3.516674042E-2,-3.386945724E-1,5.788049698E-1
2.302227398E0,1.517443657E-1,-3.054549694E-1,5.535755157E-1
2.318893336E0,1.377892494E-1,-1.679503918E-1,3.494539261E-1
2.335559273E0,2.387714386E-2,-1.515748501E-1,1.322164536E-1
2.352225211E0,-1.686794758E-1,-1.268818378E-1,1.505889893E-1
2.368891148E0,-2.205629349E-1,-9.426569939E-2,2.684259415E-1
2.385557086E0,-7.230186462E-2,-2.052187920E-2,2.549896240E-1
2.402223023E0,-8.603811264E-3,2.940392494E-2,2.415752411E-2
2.418888961E0,-2.166869640E-1,6.592082977E-2,-8.509254456E-2
2.435554898E0,-3.192408085E-1,9.888029099E-2,-2.333240509E-1
2.452220836E0,-2.835476398E-1,6.726264954E-3,-2.257804871E-1
2.468886773E0,-2.648739815E-1,-1.444315910E-2,-1.361045837E-1
2.485552711E0,-1.801838875E-1,5.885124207E-2,-1.398248672E-1
2.502218648E0,5.517959595E-2,5.797791481E-2,-1.528806686E-1
2.518884586E0,1.624100208E-1,5.962014198E-2,-3.535461426E-2
2.535550523E0,3.899121284E-2,2.292203903E-2,-8.238410950E-2
2.552216461E0,-1.276049614E-1,2.356219292E-2,-5.614471436E-2
2.568882398E0,-1.185340881E-1,-1.050186157E-2,5.473899841E-2
2.585548336E0,-5.235075951E-2,-5.348896980E-2,1.076517105E-1
2.602214273E0,5.396509171E-2,-3.290891647E-2,-5.614280701E-2
2.618880211E0,1.447045803E-1,-4.219603539E-2,-2.198696136E-1
2.635546148E0,1.360526085E-1,-3.397965431E-2,-1.532821655E-1
2.652212086E0,1.486439705E-1,-3.735303879E-2,-1.366825104E-1
2.668878023E0,2.419135571E-1,7.753372192E-3,5.691528320E-3
2.685543961E0,3.718392849E-1,-2.034282684E-2,2.532958984E-2
2.702209898E0,2.998003960E-1,2.237510681E-2,2.975082397E-2
2.718875836E0,1.445775032E-1,4.374384880E-2,-3.778743744E-2
2.735541773E0,6.344962120E-2,8.188295364E-2,-6.090641022E-2
2.752207711E0,2.603554726E-2,1.065139771E-1,-6.019973755E-2
2.768873648E0,-8.759021759E-3,1.604950428E-1,-1.538591385E-1
2.785539586E0,8.317232132E-3,2.047319412E-1,-2.260723114E-1
2.802205523E0,4.668426514E-2,2.514555454E-1,-2.248754501E-1
2.818871461E0,4.630327225E-3,2.611572742E-1,-2.413892746E-1
2.835537398E0,-8.215308189E-2,2.683303356E-1,-2.777013779E-1
2.852203336E0,-9.096169472E-2,2.679743767E-1,-2.025451660E-1
2.868869273E0,-2.798223495E-2,2.877473831E-1,-7.624149323E-2
2.885535211E0,2.340865135E-2,2.850420475E-1,-2.402114868E-2
2.902201148E0,3.715157509E-2,2.854149342E-1,-1.228351593E-1
2.918867086E0,-4.133272171E-2,2.741906643E-1,-1.814794540E-1
2.935533023E0,-1.372971535E-1,1.885747910E-1,-6.655693054E-2
2.952198961E0,-2.258830070E-1,1.560816765E-1,6.707477570E-2
2.968864898E0,-2.208070755E-1,1.686718464E-1,2.532720566E-1
2.985530836E0,-2.030992508E-1,1.792037487E-1,2.373905182E-1
3.002196773E0,-1.786782742E-1,1.800608635E-1,5.255603790E-2
3.018862711E0,-1.508932114E-1,1.599636078E-1,-1.174783707E-1
3.035528648E0,-1.330831051E-1,1.489000320E-1,-1.226015091E-1
3.052194586E0,-1.156311035E-1,1.086256504E-1,-1.167602539E-1
3.068860523E0,-8.792209625E-2,1.235508919E-1,-1.437778473E-1
3.085526461E0,-8.834624290E-2,1.136572361E-1,-9.633445740E-2
3.102192398E0,-6.627535820E-2,1.161961555E-1,-7.914924622E-2
3.118858336E0,-3.142213821E-2,7.220649719E-2,3.023147583E-3
3.135524273E0,-5.469059944E-2,7.970356941E-2,8.271217346E-3
3.152190211E0,-5.230283737E-2,9.330272675E-2,-1.197509766E-1
3.168856148E0,-2.894663811E-2,7.618117332E-2,-2.071075439E-1
3.185522086E0,-7.427382469E-2,5.136370659E-2,-9.266090393E-2
3.202188023E0,-9.267091751E-2,8.065700531E-2,-2.318286896E-2
3.218853961E0,-9.412837029E-2,-6.258249283E-3,-1.802539825E-2
3.235519898E0,-1.438837051E-1,3.061485291E-2,-5.369091034E-2
3.252185836E0,-1.634192467E-2,-1.405739784E-2,-1.428489685E-1
3.268851773E0,-7.045269012E-3,2.802562714E-2,-1.025762558E-1
3.285517711E0,-8.360409737E-2,-3.826141357E-3,3.134155273E-2
3.302183648E0,-3.733801842E-2,-1.675677299E-2,1.008968353E-1
3.318849586E0,4.873228073E-2,-2.558803558E-2,9.995365143E-2
3.335515523E0,5.580306053E-2,-1.387429237E-2,1.908111572E-2
3.352181461E0,6.736874580E-2,-1.365566254E-2,-4.057407379E-2
3.368847398E0,4.863142967E-2,-4.093527794E-2,4.960536957E-2
3.385513336E0,2.923965454E-3,-6.525874138E-2,2.204456329E-1
3.402179273E0,-2.714300156E-2,-8.305859566E-2,2.046909332E-1
3.418845211E0,-3.890967369E-2,-5.269050598E-2,3.535556793E-2
3.435511148E0,-9.495019913E-3,-7.491326332E-2,-3.130245209E-2
3.452177086E0,-8.232474327E-2,-4.613423347E-2,-3.589344025E-2
3.468843023E0,-5.943179131E-2,-2.859687805E-2,7.517814636E-3
3.485508961E0,3.224825859E-2,-3.330540657E-2,-1.080799103E-2
3.502174898E0,2.724099159E-2,2.064132690E-2,-1.918125153E-2
3.518840836E0,8.582091331E-2,2.923917770E-2,8.316230774E-2
3.535506773E0,1.526815891E-1,1.463913918E-2,2.548542023E-1
3.552172711E0,1.038370132E-1,-8.797883987E-3,3.043069839E-1
3.568838648E0,7.038974762E-2,-1.732039452E-2,1.895246506E-1
3.585504586E0,9.463119507E-2,-4.684448242E-3,8.220767975E-2
3.602170523E0,1.423671246E-1,-1.253271103E-2,-3.068923950E-2
3.618836461E0,1.296882629E-1,6.859064102E-3,-5.598068237E-3
3.635502398E0,4.100298882E-2,-1.441168785E-2,2.839088440E-2
3.652168336E0,-6.911754608E-3,-3.113508224E-2,4.533767700E-3
3.668834273E0,-6.553077698E-2,-7.967782021E-2,-6.793785095E-2
3.685500211E0,-7.908058167E-2,-7.924056053E-2,-1.392841339E-1
3.702166148E0,-7.711029053E-2,-8.481717110E-2,-1.821641922E-1
3.718832086E0,-7.912302017E-2,-5.796241760E-2,-1.791000366E-1
3.735498023E0,-9.179949760E-2,-3.827404976E-2,-1.999664307E-2
3.752163961E0,-9.199428558E-2,-5.773735046E-2,7.800674438E-2
3.768829898E0,-1.005070210E-1,-4.522824287E-2,1.011743546E-1
3.785495836E0,-3.945112228E-2,1.236295700E-2,1.128654480E-1
3.802161773E0,-1.746487617E-2,-1.122832298E-2,6.727695465E-2
3.818827711E0,-6.274652481E-2,3.157281876E-2,3.202342987E-2
3.835493648E0,3.258228302E-3,6.437301636E-4,3.529453278E-2
3.852159586E0,-1.703858376E-2,-3.560066223E-3,1.077690125E-1
3.868825523E0,-6.797599792E-2,2.896785736E-2,1.044616699E-1
3.885491461E0,-6.398367882E-2,2.542972565E-2,5.432128906E-2
3.902157398E0,-8.441567421E-2,2.672171593E-2,-8.987426758E-2
3.918823336E0,-1.632809639E-1,5.199432373E-2,-1.647071838E-1
3.935489273E0,-1.802012920E-1,1.634645462E-2,-1.342744827E-1
3.952155211E0,-1.555664539E-1,3.875112534E-2,-1.272668839E-1
3.968821148E0,-8.661532402E-2,7.741498947E-2,-1.554555893E-1
3.985487086E0,-6.699013710E-2,8.602261543E-2,-1.611976624E-1
4.002153023E0,-1.526014805E-1,9.632539749E-2,-9.025669098E-2
4.018818961E0,-2.108197212E-1,1.072385311E-1,-1.935577393E-2
4.035484898E0,-2.106025219E-1,1.167964935E-1,-2.533245087E-2
4.052150836E0,-1.508600712E-1,1.218748093E-1,-1.533365250E-1
4.068816773E0,-7.972240448E-2,1.655547619E-1,-2.809677124E-1
4.085482711E0,-7.806754112E-2,1.876280308E-1,-1.856069565E-1
4.102148648E0,-1.793005466E-1,2.183690071E-1,-4.817008972E-2
4.118814586E0,-2.848846912E-1,2.019517422E-1,-7.410049438E-4
4.135480523E0,-3.585631847E-1,2.394108772E-1,-4.728794098E-2
4.152146461E0,-2.500617504E-1,2.923178673E-1,-1.807498932E-1
4.168812398E0,-8.138895035E-2,3.335101604E-1,-1.604442596E-1
4.185478336E0,2.233886719E-2,4.115030766E-1,1.678180695E-1
4.202144273E0,6.912040710E-2,4.396550655E-1,3.837766647E-1
4.218810211E0,4.754018784E-2,4.953761101E-1,4.307250977E-1
4.235476148E0,-4.136943817E-2,5.270729065E-1,2.755231857E-1
4.252142086E0,-1.443705559E-1,4.962840080E-1,1.485319138E-1
4.268808023E0,-2.226257324E-1,5.291476250E-1,1.393737793E-1
4.285473961E0,-2.085597515E-1,5.371761322E-1,7.535648346E-2
4.302139898E0,-2.133622169E-1,5.800828934E-1,-1.773834229E-2
4.318805836E0,-7.030630112E-2,4.936830997E-1,-8.338928223E-2
4.335471773E0,2.561426163E-2,4.918570518E-1,-4.122924805E-2
4.352137711E0,5.655002594E-2,4.714348316E-1,-1.244382858E-1
4.368803648E0,3.846549988E-2,3.935956955E-1,-3.083944321E-1
4.385469586E0,-4.275989532E-2,3.842995167E-1,-4.368996620E-1
4.402135523E0,5.703067780E-2,2.961490154E-1,-7.472343445E-1
4.418801461E0,3.317551613E-1,2.418422699E-1,-9.455256462E-1
4.435467398E0,6.152129173E-1,2.152526379E-1,-9.267373085E-1
4.452133336E0,8.741745949E-1,5.535078049E-2,-7.976980209E-1
4.468799273E0,9.083094597E-1,-1.191389561E-1,-6.534414291E-1
4.485465211E0,8.534507751E-1,-1.727912426E-1,-3.316807747E-1
4.502131148E0,9.709849358E-1,-3.862366676E-1,-1.172704697E-1
4.518797086E0,1.201212406E0,-7.264914513E-1,-2.826962471E-1
4.535463023E0,1.394166946E0,-7.232434750E-1,-1.122701168E0
4.552128961E0,1.727771282E0,-8.254711628E-1,-2.484817982E0
4.568794898E0,1.903618336E0,-1.192704439E0,-3.608117104E0
4.585460836E0,1.150107861E0,-1.488541961E0,-4.222839355E0
4.602126773E0,2.802681923E-1,-1.964906335E0,-4.619654655E0
4.618792711E0,-1.168746948E-1,-2.804168701E0,-5.075886726E0
4.635458648E0,-3.011302948E-1,-3.798964024E0,-5.951942921E0
4.652124586E0,-1.028763771E0,-4.783296108E0,-6.973921776E0
4.668790523E0,-1.859755993E0,-5.579873085E0,-7.872714043E0
4.685456461E0,-2.428389549E0,-5.894498348E0,-8.375909805E0
4.702122398E0,-2.569041729E0,-5.918794155E0,-9.455095291E0
4.718788336E0,-2.231925011E0,-6.218358040E0,-1.022038364E1
4.735454273E0,-1.731616020E0,-6.275553703E0,-9.547977448E0
4.752120211E0,-8.684000969E-1,-6.013462543E0,-7.538022041E0
4.768786148E0,8.895492554E-2,-5.386139870E0,-4.543868065E0
4.785452086E0,1.137032509E0,-3.875331402E0,-1.211939931E0
4.802118023E0,2.810540199E0,-2.379313707E0,1.648266315E0
4.818783961E0,4.998561859E0,-3.579688072E-1,3.637167692E0
4.835449898E0,7.653554916E0,3.051061869E0,5.711635113E0
4.852115836E0,1.069810486E1,7.019126415E0,8.065775871E0
4.868781773E0,1.272349167E1,1.100336838E1,9.251438141E0
4.885447711E0,1.359997272E1,1.462256813E1,7.990713120E0
4.902113648E0,1.210454655E1,1.742879868E1,6.715900421E0
4.918779586E0,8.312627792E0,1.977629471E1,1.104537201E1
4.935445523E0,2.736810684E0,2.190341568E1,2.044146156E1
4.952111461E0,-1.333542824E0,2.467210770E1,2.555404282E1
4.968777398E0,-1.743496418E0,2.889695358E1,2.389222527E1
4.985443336E0,2.688564301E0,3.266302490E1,2.012233543E1
5.002109273E0,8.696504593E0,3.550186539E1,1.592419720E1
5.018775211E0,1.324939442E1,3.574639893E1,1.357870674E1
5.035441148E0,1.576106834E1,3.406365967E1,1.607149887E1
5.052107086E0,2.198648834E1,3.285014725E1,2.206522179E1
5.068773023E0,3.535655212E1,3.058330154E1,2.760595512E1
5.085438961E0,5.028881073E1,2.392891312E1,2.965448380E1
5.102104898E0,5.637780762E1,1.124111748E1,2.798294258E1
5.118770836E0,4.804734802E1,-3.459456205E0,2.131348991E1
5.135436773E0,3.700395584E1,-1.560225868E1,1.426866341E1
5.152102711E0,2.941632652E1,-2.327319527E1,1.023111820E1
5.168768648E0,2.296064186E1,-2.795664978E1,6.534784317E0
5.185434586E0,1.616360474E1,-3.185847473E1,6.219641685E0
5.202100523E0,8.190245628E0,-3.351581573E1,1.128001308E1
5.218766461E0,3.029577255E0,-3.554740143E1,1.431752491E1
5.235432398E0,-1.513861895E0,-3.665100098E1,1.344558620E1
5.252098336E0,-4.692954063E0,-3.530283737E1,1.379672050E1
5.268764273E0,-5.377616405E0,-3.466899109E1,1.427995491E1
5.285430211E0,-5.623587608E0,-3.286891937E1,1.260903835E1
5.302096148E0,-3.494326115E0,-3.203292847E1,1.014317894E1
5.318762086E0,-1.196862698E0,-3.190294266E1,8.434946060E0
5.335428023E0,4.762582779E-1,-3.010663033E1,8.939932823E0
5.352093961E0,4.585093021E0,-2.803590584E1,9.855016708E0
5.368759898E0,1.042665386E1,-2.598568916E1,9.621432304E0
5.385425836E0,1.464284134E1,-2.407102013E1,8.652947426E0
5.402091773E0,1.911942291E1,-2.144992638E1,8.415275574E0
5.418757711E0,2.815927887E1,-1.684982872E1,7.021182537E0
5.435423648E0,4.059439087E1,-7.620601654E0,7.270542145E0
5.452089586E0,4.824398041E1,5.749177933E0,9.943762779E0
5.468755523E0,4.942158127E1,1.520884132E1,1.410702991E1
5.485421461E0,3.923152161E1,2.128683090E1,1.803953171E1
5.502087398E0,3.140280914E1,2.524239540E1,1.882176018E1
5.518753336E0,2.550389099E1,2.915608406E1,1.444754410E1
5.535419273E0,1.356313038E1,3.221840668E1,8.709228516E0
5.552085211E0,-8.515834808E-2,3.327890396E1,1.342536736E1
5.568751148E0,-1.270875549E1,3.487566376E1,2.369831085E1
5.585417086E0,-1.740962982E1,3.594542313E1,2.306323242E1
5.602083023E0,-1.563103485E1,3.606190872E1,1.039970684E1
5.618748961E0,-1.416537762E1,3.203063583E1,-4.331107140E0
5.635414898E0,-1.685309029E1,2.418095589E1,-9.260390282E0
5.652080836E0,-1.978848839E1,1.906522369E1,-3.314711094E0
5.668746773E0,-1.705921555E1,1.943791199E1,5.008699894E0
5.685412711E0,-9.681149483E0,2.460888481E1,8.912468910E0
5.702078648E0,2.044229507E0,3.258441544E1,9.478731155E0
5.718744586E0,1.822710800E1,4.425683212E1,1.075118637E1
5.735410523E0,3.927536011E1,5.219063568E1,2.443289948E1
5.752076461E0,6.033895874E1,4.080519485E1,4.101908112E1
5.768742398E0,6.646808624E1,1.765838814E1,3.571619797E1
5.785408336E0,6.309591675E1,-4.255483150E0,1.877023697E1
5.802074273E0,5.323950958E1,-1.803730583E1,1.029939938E1
5.818740211E0,4.387114716E1,-2.561178589E1,1.579700184E1
5.835406148E0,3.112393761E1,-3.515126419E1,2.033061028E1
5.852072086E0,1.471458244E1,-3.879354858E1,2.401856041E1
5.868738023E0,3.585247993E0,-4.210736084E1,2.330385590E1
5.885403961E0,-5.476870537E0,-4.338574600E1,1.351263046E1
5.902069898E0,-9.057053566E0,-4.071780396E1,4.468381405E0
5.918735836E0,-7.860517502E0,-3.730753708E1,2.793035746E0
5.935401773E0,-7.351107597E0,-3.446817017E1,6.901158333E0
5.952067711E0,-5.237488747E0,-3.255686188E1,9.026466370E0
5.968733648E0,-9.307084084E-1,-3.091429138E1,8.105806351E0
5.985399586E0,3.139028072E0,-2.778130531E1,8.568314552E0
6.002065523E0,6.964322090E0,-2.527904892E1,1.012961388E1
6.018731461E0,1.038546181E1,-2.379358673E1,1.033843613E1
6.035397398E0,1.485974503E1,-2.217119217E1,9.973446846E0
6.052063336E0,2.087626266E1,-2.048794174E1,9.045516968E0
6.068729273E0,2.768423462E1,-1.417869949E1,8.923855782E0
6.085395211E0,3.986892700E1,-5.448462963E-1,1.304910755E1
6.102061148E0,5.160130310E1,1.517581367E1,1.717561913E1
6.118727086E0,4.477261734E1,2.380422974E1,1.331331921E1
6.135393023E0,2.830543900E1,2.653805542E1,1.160522175E1
6.152058961E0,1.639912605E1,2.767082787E1,1.362269783E1
6.168724898E0,8.709403038E0,2.857950211E1,1.393380642E1
6.185390836E0,8.990564346E-1,2.761432648E1,1.273072624E1
6.202056773E0,-7.524059772E0,2.895943642E1,1.104564571E1
6.218722711E0,-1.106389999E1,2.936853790E1,6.617603302E0
6.235388648E0,-1.249976349E1,2.762551689E1,2.834769487E0
6.252054586E0,-1.494244385E1,2.317589951E1,1.986103773E0
6.268720523E0,-1.954409981E1,1.747737503E1,1.839365244E0
6.285386461E0,-2.423558617E1,1.546935749E1,-8.167594671E-3
6.302052398E0,-2.334599304E1,1.686973190E1,-2.078956127E0
6.318718336E0,-1.766075516E1,2.183735657E1,-2.469889164E0
6.335384273E0,-7.424602985E0,3.317898560E1,1.925965309E0
6.352050211E0,1.137442112E1,4.776374817E1,8.200135231E0
6.368716148E0,3.307892609E1,5.837926483E1,1.643105507E1
6.385382086E0,5.913468933E1,5.602317810E1,3.125885773E1
6.402048023E0,7.152730560E1,3.593261337E1,3.524110031E1
6.418713961E0,7.176583862E1,1.195943069E1,1.999217224E1
6.435379898E0,6.260097885E1,-3.121534348E0,5.886570454E0
6.452045836E0,5.466810226E1,-1.428665161E1,8.034661293E0
6.468711773E0,3.644936371E1,-2.966020966E1,2.044077682E1
6.485377711E0,1.296491528E1,-3.669688416E1,3.423247910E1
6.502043648E0,6.683795929E0,-4.030394745E1,3.500103760E1
6.518709586E0,6.712038994E0,-4.238163757E1,2.484919167E1
6.535375523E0,5.837032795E0,-4.064207077E1,1.564239502E1
6.552041461E0,3.218877792E0,-4.040218353E1,1.006500912E1
6.568707398E0,-3.124232292E0,-3.927794266E1,1.347603989E1
6.585373336E0,-3.249234200E0,-3.673899078E1,2.135136223E1
6.602039273E0,5.333953381E0,-3.335038376E1,2.319321442E1
6.618705211E0,1.304342079E1,-2.937350082E1,1.704951668E1
6.635371148E0,1.702413368E1,-2.577346992E1,9.175820351E0
6.652037086E0,2.021165848E1,-2.393023109E1,2.767338514E0
6.668703023E0,2.567507172E1,-2.017572594E1,-3.339826822E0
6.685368961E0,3.679636383E1,-7.817793369E0,-7.774904251E0
6.702034898E0,5.508269882E1,1.255045509E1,-2.445495605E0
6.718700836E0,6.162918091E1,2.859737206E1,1.298783398E1
6.735366773E0,4.557509613E1,3.734482956E1,1.947286987E1
6.752032711E0,2.824412155E1,3.330850220E1,9.339423180E0
6.768698648E0,1.346525478E1,2.999280739E1,5.365833759E0
6.785364586E0,2.321456909E0,2.462754250E1,8.091958046E0
6.802030523E0,-9.294384956E0,2.225803566E1,1.320149517E1
6.818696461E0,-1.728711128E1,2.085607529E1,1.331180573E1
6.835362398E0,-2.149456406E1,1.925069809E1,7.987945557E0
6.852028336E0,-2.318965530E1,1.656436729E1,-6.870234013E-2
6.868694273E0,-2.583902168E1,1.260297012E1,-3.660196781E0
6.885360211E0,-3.063475037E1,9.487197876E0,-3.554902077E-1
6.902026148E0,-3.182399559E1,9.486805916E0,5.665143967E0
6.918692086E0,-2.621856308E1,1.700136948E1,6.211223125E0
6.935358023E0,-1.284757996E1,3.166483498E1,-3.449977636E-1
6.952023961E0,8.895481110E0,5.011472321E1,-6.698710442E0
6.968689898E0,2.682253647E1,6.500450897E1,3.085812807E0
6.985355836E0,4.861583328E1,6.969077301E1,2.841424751E1
7.002021773E0,7.114907837E1,5.100429153E1,3.274844360E1
7.018687711E0,7.295427704E1,2.250497055E1,1.397633648E1
7.035353648E0,6.446675110E1,-2.295951843E-1,6.734805107E-1
7.052019586E0,5.221643448E1,-1.778628540E1,7.719704628E0
7.068685523E0,3.576845551E1,-3.497808838E1,2.115365219E1
7.085351461E0,1.727734184E1,-4.416716766E1,3.433164215E1
7.102017398E0,1.358226871E1,-5.487257385E1,3.838256073E1
7.118683336E0,7.501201630E0,-6.158005524E1,2.530063438E1
7.135349273E0,2.977579832E0,-6.064907074E1,1.212036800E1
7.152015211E0,-6.480738521E-1,-5.814138794E1,1.175013161E1
7.168681148E0,2.786622763E0,-5.511254120E1,1.671959496E1
7.185347086E0,1.892002678E1,-5.191606140E1,2.336481857E1
7.202013023E0,3.320326614E1,-4.702850342E1,2.502517319E1
7.218678961E0,3.971271896E1,-3.900879669E1,2.166075706E1
7.235344898E0,4.884864044E1,-3.001175690E1,1.382297897E1
7.252010836E0,6.494821167E1,-6.830246925E0,2.276834726E0
7.268676773E0,6.932547760E1,2.557219505E1,1.127946138E0
7.285342711E0,6.877211761E1,4.199119186E1,1.268526459E1
7.302008648E0,5.339321136E1,4.544438171E1,1.893712425E1
7.318674586E0,2.879957581E1,3.899760056E1,1.544484234E1
7.335340523E0,9.147301674E0,3.289118576E1,3.623429298E0
7.352006461E0,-1.763884544E0,2.794398308E1,-4.834102988E-1
7.368672398E0,-9.648159981E0,2.565888786E1,2.955024481E0
7.385338336E0,-1.325410748E1,2.430902290E1,5.163209438E0
7.402004273E0,-1.589377403E1,2.190637398E1,3.342627525E0
7.418670211E0,-1.734596252E1,1.858448410E1,4.504216909E-1
7.435336148E0,-1.982768631E1,1.496017647E1,-2.821603298E0
7.452002086E0,-2.364709473E1,1.345997143E1,-2.818388224E0
7.468668023E0,-2.353043175E1,1.273242950E1,-1.443315864E0
7.485333961E0,-1.937907028E1,1.311392593E1,-3.928132057E-1
7.501999898E0,-1.562290764E1,1.569972897E1,-1.334665060E0
7.518665836E0,-1.129496479E1,1.919396591E1,-2.179645538E0
7.535331773E0,-5.463251114E0,2.236602783E1,-1.919953585E0
7.551997711E0,9.034628868E-1,2.997022247E1,3.016376495E-1
7.568663648E0,1.741019058E1,4.364554596E1,7.936218262E0
7.585329586E0,4.939931107E1,5.559768295E1,2.070984650E1
7.601995523E0,7.149765778E1,4.863424683E1,1.294344234E1
7.618661461E0,7.302054596E1,2.819435310E1,-3.217041969E0
7.635327398E0,6.499019623E1,4.021902084E0,1.254494667E0
7.651993336E0,4.964436722E1,-1.853219986E1,1.857529449E1
7.668659273E0,3.045753670E1,-3.285803223E1,2.799415207E1
7.685325211E0,1.921003723E1,-3.899755478E1,2.686563683E1
7.701991148E0,1.842831612E1,-4.788254547E1,2.144453430E1
7.718657086E0,1.085957336E1,-5.456090164E1,1.445028973E1
7.735323023E0,3.392775655E-1,-5.586155701E1,9.122906685E0
7.751988961E0,-2.940716982E0,-5.497397614E1,8.298534393E0
7.768654898E0,3.439065933E0,-5.293595886E1,1.143840027E1
7.785320836E0,1.534238815E1,-4.975752258E1,1.447031021E1
7.801986773E0,2.278622055E1,-4.352581024E1,1.364141655E1
7.818652711E0,2.524240875E1,-3.613630295E1,9.948537827E0
7.835318648E0,2.960866165E1,-2.921433258E1,7.091485977E0
7.851984586E0,3.978736115E1,-1.611811829E1,4.192069530E0
7.868650523E0,5.563581085E1,7.907119274E0,4.178469181E0
7.885316461E0,6.697749329E1,2.936674500E1,1.025644684E1
7.901982398E0,5.751721191E1,4.688738632E1,1.537184715E1
7.918648336E0,4.763766479E1,4.991362000E1,1.652414703E1
7.935314273E0,2.669402695E1,4.357216644E1,8.996454239E0
7.951980211E0,6.663607597E0,3.110778999E1,2.344624519E0
7.968646148E0,-4.724111080E0,2.206554604E1,4.340412617E0
7.985312086E0,-1.025269413E1,1.602958488E1,6.798266411E0
8.001978023E0,-1.601991653E1,1.169453621E1,3.234782219E0
8.018643961E0,-1.912471771E1,8.441658974E0,-3.164081812E0
8.035309898E0,-1.874124146E1,5.991333961E0,-7.375578880E0
8.051975836E0,-1.920256424E1,4.719557762E0,-1.015441227E1
8.068641773E0,-1.964932442E1,4.177357674E0,-1.022032452E1
8.085307711E0,-1.790585136E1,4.159971237E0,-6.877860069E0
8.101973648E0,-1.529045868E1,5.544266224E0,-4.581727982E0
8.118639586E0,-1.484109306E1,8.387718201E0,-5.971268654E0
8.135305523E0,-1.359793663E1,1.232414818E1,-1.067305851E1
8.151971461E0,-8.867104530E0,1.891329956E1,-1.451386833E1
8.168637398E0,1.399449825E0,2.994201660E1,-1.110002899E1
8.185303336E0,2.077577019E1,4.029107285E1,9.071760178E0
8.201969273E0,3.783803177E1,4.406533813E1,2.220282364E1
8.218635211E0,4.905573273E1,3.792812347E1,1.080251884E1
8.235301148E0,5.671276474E1,2.145442390E1,7.489176273E0
8.251967086E0,4.766892624E1,-2.979101658E0,1.742668152E1
8.268633023E0,2.526090813E1,-2.083722496E1,2.518524361E1
8.285298961E0,7.709514618E0,-2.937231445E1,2.490825844E1
8.301964898E0,2.416817427E0,-3.593077087E1,1.866239738E1
8.318630836E0,-2.177909613E0,-3.808279800E1,1.342509556E1
8.335296773E0,-4.004159451E0,-3.984370422E1,1.157282448E1
8.351962711E0,-5.685616016E0,-3.892404175E1,1.213363647E1
8.368628648E0,-2.623568296E0,-3.451409149E1,1.401854515E1
8.385294586E0,1.047580242E1,-3.000561714E1,1.621117020E1
8.401960523E0,1.914384270E1,-2.507535362E1,1.360013676E1
8.418626461E0,1.548518181E1,-1.992987633E1,6.783132553E0
8.435292398E0,1.236515903E1,-1.538767338E1,2.490673065E0
8.451958336E0,1.662128639E1,-1.033006287E1,-5.989034176E-1
8.468624273E0,2.292243958E1,-3.542022467E0,-6.456397057E0
8.485290211E0,2.889447403E1,1.324489880E1,-3.704691410E0
8.501956148E0,4.325299835E1,3.169617271E1,9.714440346E0
8.518622086E0,4.203165054E1,3.569854736E1,1.649747276E1
8.535288023E0,1.072817898E1,2.595699310E1,4.483605385E0
8.551953961E0,-1.396971989E1,1.696437454E1,-1.092043400E1
8.568619898E0,-1.504802132E1,1.169830322E1,-1.264917946E1
8.585285836E0,-1.292294312E1,8.607457161E0,-9.598461151E0
8.601951773E0,-1.510991669E1,6.558256149E0,-7.904765606E0
8.618617711E0,-1.748264313E1,5.238610268E0,-7.450160980E0
8.635283648E0,-1.784738922E1,4.513254642E0,-5.087213039E0
8.651949586E0,-1.552208233E1,4.054221630E0,-1.256247997E0
8.668615523E0,-1.279418945E1,4.972385406E0,4.968973398E-1
8.685281461E0,-8.920135498E0,8.338002205E0,2.593552828E0
8.701947398E0,-3.453193426E0,1.088182735E1,4.169907093E0
8.718613336E0,6.072449684E-1,1.185229015E1,6.762674809E0
8.735279273E0,2.088874340E0,1.148923874E1,1.084264183E1
8.751945211E0,3.731104851E0,1.160225105E1,1.337148285E1
8.768611148E0,9.898510933E0,1.142340088E1,1.210213280E1
8.785277086E0,1.774540329E1,9.082178116E0,1.004667473E1
8.801943023E0,2.219258881E1,1.325840950E-1,1.225660229E1
8.818608961E0,1.488851166E1,-3.943074226E0,1.612210655E1
8.835274898E0,2.229013062E1,-8.993997574E-1,2.476713181E1
8.851940836E0,2.808245468E1,-8.801217079E0,2.862072754E1
8.868606773E0,8.306688309E0,-1.495789909E1,2.296686172E1
8.885272711E0,-7.645077705E-1,-2.222308159E1,8.455865860E0
8.901938648E0,-5.015339851E-1,-2.586919785E1,-8.310255051E0
8.918604586E0,-6.047015190E-1,-2.423488235E1,-1.959120941E1
8.935270523E0,-2.246414661E0,-2.098424721E1,-1.793708992E1
8.951936461E0,-3.523265362E0,-1.591973305E1,-7.419234753E0
8.968602398E0,-4.427326679E0,-1.098668098E1,-2.748854637E0
8.985268336E0,-7.525537491E0,-9.937057495E-1,3.899732113E0
9.001934273E0,7.406439781E-1,8.482717514E0,2.026020241E1
9.018600211E0,1.508692741E1,1.703625107E1,2.763289261E1
9.035266148E0,2.081654739E1,1.793497467E1,1.144235897E1
9.051932086E0,9.888849258E0,1.420252991E1,-7.254655838E0
9.068598023E0,-6.543893814E-1,8.260623932E0,-3.400353909E0
9.085263961E0,-5.008784294E0,4.701281071E0,1.022542763E1
9.101929898E0,-3.547425032E0,3.673116207E0,1.328641033E1
9.118595836E0,6.916813850E-1,3.487896919E0,5.206745148E0
9.135261773E0,6.644021988E0,1.280781746E0,-1.772551537E0
9.151927711E0,1.011216736E1,-4.365363598E0,-5.572667122E-1
9.168593648E0,2.825949192E0,-9.088168144E0,-6.237268448E-1
9.185259586E0,-3.639594078E0,-7.899848938E0,6.461799622E0
9.201925523E0,3.177574635E0,-8.524451256E0,1.186197662E1
9.218591461E0,8.882102966E0,-6.846435070E0,8.411211967E0
9.235257398E0,9.200380325E0,-4.571402550E0,1.585460663E0
9.251923336E0,4.714025497E0,-4.174346924E0,-3.381638527E0
9.268589273E0,-1.880965233E0,-5.447731018E0,-6.147438049E0
9.285255211E0,-9.322313309E0,-4.294236183E0,-5.094020367E0
9.301921148E0,-9.831396103E0,-1.330964565E0,3.505495548E0
9.318587086E0,-2.000360250E0,1.405863762E-1,1.173333263E1
9.335253023E0,9.397884369E0,8.569011688E-1,1.198016930E1
9.351918961E0,1.472951031E1,3.327163696E0,3.599034309E0
9.368584898E0,1.451727104E1,3.172476292E0,-2.646779537E0
9.385250836E0,7.896952152E0,1.491134644E0,2.615855217E0
9.401916773E0,6.551027298E-2,-4.239397049E-1,1.006620216E1
9.418582711E0,4.014115334E-1,-2.150703907E0,1.119619942E1
9.435248648E0,7.480700970E0,-2.876082420E0,5.841124535E0
9.451914586E0,8.478584290E0,-3.863639355E0,-4.547409058E0
9.468580523E0,1.037171364E0,-1.408207417E0,-5.227961063E0
9.485246461E0,2.873858452E0,-1.365585327E-1,4.597010136E0
9.501912398E0,4.966988087E0,2.665305138E0,1.321336937E1
9.518578336E0,8.169828415E0,5.082799911E0,1.413842297E1
9.535244273E0,6.092853069E0,5.817000389E0,6.700009346E0
9.551910211E0,1.304846287E0,4.024482250E0,2.291417122E-1
9.568576148E0,-2.324470997E0,9.992380142E-1,8.752012253E-2
9.585242086E0,-6.351567268E0,-1.070726633E0,1.526711702E0
9.601908023E0,-7.822089195E0,-7.715954781E-1,4.181870461E0
9.618573961E0,-6.044550419E0,-8.933973312E-2,4.571543217E0
9.635239898E0,-4.790270805E0,-1.873602867E-1,1.309857607E0
9.651905836E0,-5.148892879E0,8.581814766E-1,-5.408978462E-1
9.668571773E0,-4.651492119E0,8.170495033E-1,-8.115153313E-1
9.685237711E0,-4.492172241E0,-5.960762501E-1,-8.954882622E-1
9.701903648E0,-4.601161957E0,-1.851148009E0,-2.611540318E0
9.718569586E0,-1.378709316E0,6.276075840E-1,-4.932644367E0
9.735235523E0,4.235846519E0,6.388226509E0,-5.214668751E0
9.751901461E0,3.545149326E0,1.310575104E1,7.567167282E0
9.768567398E0,-1.564371586E0,2.326570702E1,2.327206039E1
9.785233336E0,4.150789738E0,2.963263321E1,2.527618027E1
9.801899273E0,1.523127365E1,3.231062698E1,1.889568520E1
9.818565211E0,2.076531219E1,3.507741547E1,2.246912766E1
9.835231148E0,2.587894821E1,3.266309738E1,3.039555359E1
9.851897086E0,2.924301338E1,3.080674934E1,2.910000610E1
9.868563023E0,3.195933342E1,3.461875916E1,2.477610970E1
9.885228961E0,4.294274521E1,3.284654617E1,2.558850670E1
9.901894898E0,4.501403809E1,2.150838661E1,2.496655655E1
9.918560836E0,3.840073776E1,5.420472145E0,2.123159790E1
9.935226773E0,3.009682465E1,-7.840406418E0,1.745727730E1
9.951892711E0,2.206754112E1,-1.666846657E1,1.171534157E1
9.968558648E0,1.321117496E1,-2.118501282E1,6.101153374E0
9.985224586E0,6.050116539E0,-2.260240936E1,2.611355066E0
1.000189052E1,5.122802734E0,-2.590685654E1,2.126842499E0
1.001855646E1,5.479394436E0,-3.169488144E1,3.769195318E0
1.003522240E1,3.546334743E0,-3.593449020E1,4.952743053E0
1.005188834E1,3.655588865E0,-3.928094864E1,3.133002520E0
1.006855427E1,6.640289307E0,-4.173093414E1,-2.801168442E0
1.008522021E1,8.624673843E0,-4.145316315E1,-8.816136360E0
1.010188615E1,1.273315048E1,-3.925505066E1,-1.000275421E1
1.011855209E1,1.845539474E1,-3.702958679E1,-9.530950546E0
1.013521802E1,2.046269226E1,-3.258814240E1,-9.051041603E0
1.015188396E1,2.239758492E1,-2.757224846E1,-7.489016533E0
1.016854990E1,2.818467140E1,-2.365234947E1,-6.003410816E0
1.018521584E1,3.668727875E1,-1.907572556E1,-4.903120041E0
1.020188177E1,4.406700134E1,-1.190476227E1,-5.425070763E0
1.021854771E1,5.088146591E1,-4.563145638E0,-5.013107300E0
1.023521365E1,5.635348511E1,7.610303879E0,-4.334213257E0
1.025187959E1,6.151562500E1,2.449005890E1,-1.856287956E0
1.026854552E1,5.772494888E1,3.630320740E1,1.447413683E0
1.028521146E1,4.011744690E1,4.005304337E1,-1.932733059E-1
1.030187740E1,1.932916069E1,4.220011902E1,-1.735673666E0
1.031854334E1,7.688408375E0,4.685960770E1,6.344866753E0
1.033520927E1,4.731290817E0,5.172147751E1,1.389417744E1
1.035187521E1,5.163546085E0,5.343730545E1,8.859538078E0
1.036854115E1,4.830308437E0,5.218297577E1,-6.533944607E0
1.038520709E1,4.205798149E0,4.821809006E1,-1.312433052E1
1.040187302E1,5.359934807E0,4.583013535E1,-8.120343208E0
1.041853896E1,1.707597923E1,4.648893356E1,4.640471935E-2
1.043520490E1,3.672057724E1,4.794606018E1,7.210696697E0
1.045187084E1,5.524161530E1,4.507964706E1,1.921652794E1
1.046853677E1,6.793627930E1,3.885226440E1,2.960533142E1
1.048520271E1,6.873799896E1,2.536628532E1,2.211198616E1
1.050186865E1,6.927402496E1,7.385629654E0,9.259906769E0
1.051853459E1,7.036643219E1,-1.161711407E1,1.323927879E1
1.053520052E1,6.878868866E1,-2.355868149E1,2.200885582E1
1.055186646E1,5.685909271E1,-3.036032104E1,2.158361244E1
1.056853240E1,4.513814545E1,-3.693164062E1,1.961201859E1
1.058519834E1,2.867291069E1,-4.465755463E1,2.709666443E1
1.060186427E1,1.527546310E1,-5.326965332E1,4.147599411E1
1.061853021E1,1.220778465E1,-6.364681625E1,4.412784195E1
1.063519615E1,1.375380898E1,-6.794911957E1,2.885182762E1
1.065186209E1,1.337426186E1,-6.571828461E1,1.245320415E1
1.066852802E1,2.376886845E0,-6.498307800E1,3.452931166E0
1.068519396E1,-5.156616211E0,-6.461477661E1,6.852532864E0
1.070185990E1,8.010166168E0,-6.308671570E1,1.201871586E1
1.071852584E1,2.794560432E1,-5.866664124E1,1.213410759E1
1.073519177E1,4.145228195E1,-5.092283630E1,7.971339226E0
1.075185771E1,5.860088730E1,-4.422661591E1,3.465047359E0
1.076852365E1,6.936046600E1,-3.052745247E1,-3.202831149E-1
1.078518959E1,6.952196503E1,3.071228504E0,3.810245037E0
1.080185552E1,6.980704498E1,3.321129990E1,2.049783134E1
1.081852146E1,6.151869965E1,4.290296936E1,-1.731742978E0
1.083518740E1,4.361888123E1,4.549684143E1,-1.114865971E1
1.085185334E1,2.395736504E1,5.378758240E1,-1.446763992E0
1.086851927E1,4.322462559E0,6.778285217E1,3.886428595E0
1.088518521E1,-6.676229477E0,7.797490692E1,6.756053925E0
1.090185115E1,-1.092273045E1,8.345037079E1,1.704297638E1
1.091851709E1,-7.658391953E0,7.632823944E1,2.283118057E1
1.093518302E1,-6.952959538E0,6.329394531E1,2.903471375E1
1.095184896E1,5.769900322E0,5.380824661E1,2.958033371E1
1.096851490E1,2.621883774E1,5.127327728E1,2.679574966E1
1.098518084E1,5.066140366E1,4.914506149E1,3.076255417E1
1.100184677E1,6.917394257E1,4.559940338E1,3.355787659E1
1.101851271E1,7.043595123E1,3.525646973E1,2.107957077E1
1.103517865E1,7.166127014E1,1.406729698E1,9.824979782E0
1.105184459E1,7.332520294E1,-9.692420006E0,7.848478317E0
1.106851052E1,7.066153717E1,-2.782916260E1,1.256648254E1
1.108517646E1,5.296646881E1,-4.170751953E1,2.233187675E1
1.110184240E1,3.740040588E1,-5.290369034E1,2.998720169E1
1.111850834E1,3.028138351E1,-5.989712143E1,3.171489716E1
1.113517427E1,2.614495087E1,-6.651066589E1,2.083572960E1
1.115184021E1,1.732007980E1,-7.176045990E1,1.310038567E1
1.116850615E1,-3.193444252E0,-7.606882477E1,9.086442947E0
1.118517209E1,-8.835145950E0,-7.873962402E1,8.984199524E0
1.120183802E1,1.310459900E1,-7.598408508E1,1.241871452E1
1.121850396E1,4.089146423E1,-6.921659851E1,1.080680275E1
1.123516990E1,5.953625870E1,-5.895369339E1,1.005501270E1
1.125183584E1,6.950733185E1,-4.789730453E1,1.494303226E1
1.126850177E1,7.015198517E1,-3.072214317E1,1.359074688E1
1.128516771E1,7.029580688E1,-4.245265961E0,2.156907082E1
1.130183365E1,7.065760803E1,2.649014091E1,4.547897720E1
1.131849959E1,6.970989227E1,3.892983246E1,2.045726967E1
1.133516552E1,5.391426086E1,4.487179565E1,-7.142888069E0
1.135183146E1,2.634756279E1,4.810427475E1,6.744102478E0
1.136849740E1,1.913605690E0,5.909680176E1,1.661058807E1
1.138516334E1,-1.123658180E1,6.884119415E1,1.086869359E0
1.140182927E1,-1.851390076E1,7.252050781E1,-1.508624554E1
1.141849521E1,-1.572904587E1,6.360519791E1,-7.741368771E0
1.143516115E1,-1.562821770E1,4.610639572E1,8.692363739E0
1.145182709E1,-1.396509933E1,3.290804672E1,2.414133072E1
1.146849302E1,-8.030778885E0,3.130449104E1,2.374423599E1
1.148515896E1,1.358260536E1,3.794647598E1,1.687514687E1
1.150182490E1,3.974781799E1,4.819440460E1,1.581602383E1
1.151849084E1,6.545905304E1,5.986308289E1,2.375464439E1
1.153515677E1,7.087150574E1,5.221659851E1,1.373082542E1
1.155182271E1,7.177308655E1,2.906705475E1,-3.810592651E0
1.156848865E1,7.315493774E1,1.921186447E0,8.181796074E-1
1.158515459E1,7.370444489E1,-1.938816833E1,1.080387783E1
1.160182052E1,6.561751556E1,-2.745299721E1,1.127579403E1
1.161848646E1,5.608141708E1,-3.451784134E1,1.060604668E1
1.163515240E1,3.715006638E1,-4.227930450E1,1.529650879E1
1.165181834E1,1.948985863E1,-4.820808411E1,2.667114830E1
1.166848427E1,1.422309971E1,-6.339980316E1,3.015223122E1
1.168515021E1,1.611217499E1,-7.884243011E1,2.217637825E1
1.170181615E1,1.033998775E1,-8.531412506E1,1.172369289E1
1.171848209E1,1.307041168E0,-8.500948334E1,9.986551285E0
1.173514802E1,1.493866062E1,-8.443473816E1,1.580005074E1
1.175181396E1,4.440856171E1,-8.119996643E1,2.017955971E1
1.176847990E1,6.803663635E1,-7.078706360E1,2.497999382E1
1.178514584E1,7.128037262E1,-5.451361847E1,2.660043716E1
1.180181177E1,7.098760986E1,-2.569752884E1,1.281209373E1
1.181847771E1,7.132194519E1,7.500322342E0,1.961463356E1
1.183514365E1,7.167305756E1,3.870449448E1,3.948725128E1
1.185180959E1,6.911975098E1,4.947708511E1,-1.472702384E0
1.186847552E1,5.012825012E1,5.010998535E1,-1.339447021E1
1.188514146E1,2.024105453E1,5.287411118E1,2.455187416E1
1.190180740E1,7.378535748E0,6.325279999E1,3.039134216E1
1.191847334E1,-2.181236744E0,6.926706696E1,1.362368011E1
1.193513927E1,-1.463282394E1,6.485662842E1,9.947285652E-1
1.195180521E1,-2.625352287E1,5.515454865E1,-7.477384806E-1
1.196847115E1,-2.315457916E1,4.511309433E1,6.055774689E0
1.198513709E1,-7.725734711E0,3.895475769E1,1.479692650E1
1.200180302E1,1.260219002E1,4.081368637E1,1.841845131E1
1.201846896E1,3.346039581E1,4.499958420E1,7.517858505E0
1.203513490E1,4.828311920E1,4.831041336E1,1.043467641E0
1.205180084E1,6.689884186E1,5.175319672E1,1.283066368E1
1.206846677E1,7.200446320E1,4.017520142E1,1.956447220E1
1.208513271E1,7.312959290E1,1.144583321E1,1.114143848E1
1.210179865E1,7.449530029E1,-9.929694176E0,8.557266235E0
1.211846459E1,7.545034027E1,-2.487609482E1,9.768884659E0
1.213513052E1,6.468946075E1,-3.631671143E1,1.362602043E1
1.215179646E1,4.265356445E1,-4.950925446E1,1.691916847E1
1.216846240E1,1.837093925E1,-5.252391434E1,2.315602875E1
1.218512834E1,1.011242962E1,-5.713755417E1,1.910206413E1
1.220179427E1,4.503479481E0,-6.306137085E1,1.004143143E1
1.221846021E1,-5.446997643E0,-6.664463043E1,5.532043457E0
1.223512615E1,-7.128752708E0,-6.452316284E1,7.758897305E0
1.225179209E1,1.103327274E1,-6.033259964E1,1.323647022E1
1.226845802E1,2.808362198E1,-5.242230606E1,1.509385872E1
1.228512396E1,3.217859650E1,-4.346393967E1,1.333257771E1
1.230178990E1,3.767993164E1,-3.606244278E1,1.504973888E1
1.231845584E1,4.750437164E1,-2.386339951E1,1.433196068E1
1.233512177E1,5.898311996E1,1.146040916E0,8.914458275E0
1.235178771E1,7.145478821E1,2.365306664E1,3.491953373E0
1.236845365E1,6.434494781E1,3.388059616E1,-2.072430611E0
1.238511959E1,4.638000488E1,3.964723969E1,1.584843254E1
1.240178552E1,2.584373474E1,3.767099380E1,2.167529488E1
1.241845146E1,7.407005787E0,3.298089981E1,8.891090393E0
1.243511740E1,-1.668950558E0,2.846179581E1,-2.363823891E0
1.245178334E1,-9.230964661E0,2.384431458E1,-4.536369801E0
1.246844927E1,-1.278054237E1,2.081974983E1,-7.266504765E-1
1.248511521E1,-1.056001186E1,1.757372284E1,2.293928146E0
1.250178115E1,-6.813987732E0,1.406634712E1,4.295007706E0
1.251844709E1,-2.025750637E0,1.071872711E1,3.911602974E0
1.253511302E1,3.414572716E0,8.401778221E0,2.432770729E-1
1.255177896E1,4.814495087E0,6.469396591E0,-3.381878614E0
1.256844490E1,3.442272663E0,4.676179886E0,-3.218937397E0
1.258511084E1,9.700512886E-1,3.366128922E0,-1.241089582E0
1.260177677E1,-3.978290558E-1,2.172178745E0,4.869027138E-1
1.261844271E1,-8.189964294E-2,1.200472236E0,9.394664764E-1
1.263510865E1,1.855524063E0,6.305415630E-1,-3.469059467E-1
1.265177459E1,4.038528919E0,9.360631704E-1,1.454827070E0
1.266844052E1,6.254744530E0,1.149058104E0,6.827685356E0
1.268510646E1,6.538444996E0,-4.279707074E-1,1.370344162E1
1.270177240E1,1.189157677E1,-5.980134010E0,1.805688286E1
1.271843834E1,1.741461945E1,-9.446990013E0,2.327572250E1
1.273510427E1,2.134728432E1,-7.353062630E0,3.556099319E1
1.275177021E1,1.847609901E1,-1.050344181E1,3.399884796E1
1.276843615E1,4.809740543E0,-1.775361443E1,1.779819298E1
1.278510209E1,-5.501881599E0,-2.193366623E1,-1.876203775E0
1.280176802E1,-9.285925865E0,-2.014788818E1,-1.829861832E1
1.281843396E1,-9.096772194E0,-1.660663033E1,-2.045775414E1
1.283509990E1,-7.704143524E0,-1.543186665E1,-1.351399803E1
1.285176584E1,-9.835136414E0,-1.446239948E1,-5.926989079E0
1.286843177E1,-7.243021965E0,-7.425728798E0,1.768760300E1
1.288509771E1,8.850955963E0,-4.255700588E0,3.248367691E1
1.290176365E1,1.867692184E1,-2.926591396E0,2.404558563E1
1.291842959E1,2.450880241E1,-1.488822341E0,5.769050598E0
1.293509552E1,2.350730705E1,2.219223976E-1,-4.243042946E0
1.295176146E1,1.104188538E1,1.580985546E0,-2.934707403E0
1.296842740E1,1.750574112E0,1.572732449E0,-3.500784636E-1
1.298509334E1,-8.185329437E-1,1.374897718E0,-2.780499697E0
1.300175927E1,1.205392838E0,2.187018871E0,-9.758081436E0
1.301842521E1,8.443916321E0,2.843865156E0,-1.164274597E1
1.303509115E1,1.392296219E1,3.438053727E-1,-5.381278515E0
1.305175709E1,9.887184143E0,-6.144311905E0,-1.444468379E0
1.306842302E1,6.012829781E0,-4.660169125E0,5.401043415E0
1.308508896E1,8.724083900E0,-6.086924672E-1,4.607562065E0
1.310175490E1,8.466710091E0,5.004691601E0,-6.053709984E-2
1.311842084E1,4.024306774E0,5.254799843E0,-4.915225983E0
1.313508677E1,-4.005709648E0,1.867039442E0,-7.236733913E0
1.315175271E1,-6.013572693E0,-1.195975542E0,-7.085666656E0
1.316841865E1,-2.079431534E0,-2.890883446E0,-7.499949455E0
1.318508459E1,3.575349808E0,-2.014920712E0,-3.522464037E0
1.320175052E1,7.272478104E0,-1.153334141E0,8.279497147E0
1.321841646E1,9.303781509E0,-2.371767521E0,1.772859764E1
1.323508240E1,9.670845032E0,-3.581996679E0,1.900858688E1
1.325174834E1,1.276447105E1,-9.738451958E0,9.694131851E0
1.326841427E1,8.054420471E0,-1.978943062E1,-3.164315224E-1
1.328508021E1,-5.888098717E0,-2.586890221E1,1.166978836E0
1.330174615E1,-1.687900734E1,-2.628829193E1,5.025047302E0
1.331841209E1,-1.549876785E1,-2.417119789E1,9.550911903E0
1.333507802E1,5.551469803E0,-2.899916267E1,9.251599312E0
1.335174396E1,2.466427231E1,-3.076339722E1,-5.918693542E-1
1.336840990E1,2.832259560E1,-1.928127098E1,-3.747166157E0
1.338507584E1,2.887709427E1,-1.004647732E1,4.034018517E-2
1.340174177E1,2.551588249E1,-1.874223948E0,4.104300499E0
1.341840771E1,1.929288673E1,7.658758163E0,6.470449448E0
1.343507365E1,1.394634056E1,1.430745792E1,4.989438534E0
1.345173959E1,6.879189968E0,1.792174149E1,6.863117218E-2
1.346840552E1,-4.792356491E-1,1.866723824E1,-4.647437096E0
1.348507146E1,-7.184871197E0,1.976081657E1,-6.218133926E0
1.350173740E1,-8.638331413E0,2.166118050E1,-3.171077490E0
1.351840334E1,-5.216526985E0,2.090662575E1,3.056011677E0
1.353506927E1,-1.351613522E0,2.071578979E1,6.277892113E0
1.355173521E1,1.257586002E0,2.025667381E1,3.525403976E0
1.356840115E1,7.877111435E-1,1.894836044E1,1.248007894E0
1.358506709E1,1.028355598E0,1.615741348E1,3.914455652E0
1.360173302E1,1.641497135E0,1.446142292E1,8.391575813E0
1.361839896E1,4.483978748E0,1.418030071E1,1.298571777E1
1.363506490E1,1.144289970E1,1.503623009E1,2.009745407E1
1.365173084E1,2.191838455E1,1.351787186E1,2.424539757E1
1.366839677E1,2.842246628E1,1.033246422E1,2.570738029E1
1.368506271E1,3.145678329E1,1.399038410E1,2.583190727E1
1.370172865E1,4.612368011E1,2.274315262E1,3.484293365E1
1.371839459E1,6.490336609E1,2.985253906E1,5.110911560E1
1.373506052E1,7.245241547E1,2.551758194E1,6.375507736E1
1.375172646E1,7.298423767E1,1.214280701E1,5.456419373E1
1.376839240E1,7.362631226E1,-6.634459496E-1,3.685451508E1
1.378505834E1,7.141004181E1,-1.104520035E1,2.664254570E1
1.380172427E1,5.723661041E1,-2.153161621E1,2.291416931E1
1.381839021E1,4.346448135E1,-2.919466019E1,1.861393547E1
1.383505615E1,3.507236099E1,-3.333173752E1,1.489496613E1
1.385172209E1,3.147900200E1,-3.768173218E1,1.023750973E1
1.386838802E1,2.510834503E1,-4.454483032E1,5.302097321E0
1.388505396E1,1.787218857E1,-5.149470520E1,-2.915996075E0
1.390171990E1,1.425626945E1,-5.947322083E1,-9.387947083E0
1.391838584E1,7.968897820E0,-6.619837189E1,-1.484425259E1
1.393505177E1,3.332917690E0,-6.776612854E1,-1.395503044E1
1.395171771E1,1.520483398E1,-6.638179779E1,-6.328202248E0
1.396838365E1,3.884725952E1,-6.026831436E1,-1.248194337E0
1.398504959E1,5.547300339E1,-4.852448273E1,-4.006385803E0
1.400171552E1,6.591731262E1,-3.871382904E1,-8.267604828E0
1.401838146E1,7.079255676E1,-3.026054192E1,-7.347651482E0
1.403504740E1,7.134422302E1,-2.223038673E1,-4.494131088E0
1.405171334E1,7.221193695E1,-1.022736073E1,-3.494050503E0
1.406837927E1,7.327257538E1,8.346924782E0,-1.029364491E1
1.408504521E1,7.250425720E1,2.432092285E1,-1.845975304E1
1.410171115E1,6.342882919E1,3.337802887E1,-1.003465557E1
1.411837709E1,4.197993469E1,3.976192093E1,3.188730955E0
1.413504302E1,2.617658424E1,4.728113937E1,-3.044863701E0
1.415170896E1,1.866301155E1,6.085578918E1,-2.180671120E1
1.416837490E1,2.288524437E1,7.194513702E1,-2.677331352E1
1.418504084E1,2.358468246E1,7.228369141E1,-2.569622993E0
1.420170677E1,1.939284706E1,6.557378387E1,2.460417366E1
1.421837271E1,2.122401047E1,5.369952393E1,2.524551582E1
1.423503865E1,2.667937851E1,4.357236481E1,5.362642765E0
1.425170459E1,3.422463989E1,3.938985062E1,-8.141891479E0
1.426837052E1,4.694968796E1,3.784214401E1,1.856456518E0
1.428503646E1,6.119475937E1,3.400662613E1,2.350119781E1
1.430170240E1,6.933135223E1,2.616941261E1,4.167071152E1
1.431836834E1,7.061806488E1,2.054738617E1,2.686321449E1
1.433503427E1,7.091818237E1,2.315038490E1,-5.615900993E0
1.435170021E1,7.176624298E1,1.377072334E1,-1.403203392E1
1.436836615E1,7.316493988E1,-4.882839680E0,5.571866989E0
1.438503209E1,7.470838165E1,-2.158499146E1,2.732667732E1
1.440169802E1,6.223134232E1,-3.311114883E1,4.306416702E1
1.441836396E1,4.319652176E1,-4.419948578E1,4.263237381E1
1.443502990E1,3.548249435E1,-5.382363129E1,3.466084671E1
1.445169584E1,4.082841110E1,-6.728895569E1,3.603904343E1
1.446836177E1,3.238264847E1,-7.667978668E1,3.731698990E1
1.448502771E1,1.347661209E1,-8.109417725E1,2.246116829E1
1.450169365E1,-3.030704498E0,-8.051477814E1,8.029020309E0
1.451835959E1,2.378519773E0,-8.278147125E1,3.147587299E0
1.453502552E1,2.676954079E1,-8.167386627E1,6.780653954E0
1.455169146E1,5.989732361E1,-7.410115051E1,2.063669115E-1
1.456835740E1,7.191335297E1,-6.082204437E1,-9.069917679E0
1.458502334E1,7.143811798E1,-4.589982986E1,-1.264292908E1
1.460168927E1,7.155114746E1,-2.694826698E1,-1.510078335E1
1.461835521E1,7.206211853E1,-6.871753693E0,-5.431819916E0
1.463502115E1,7.259864807E1,2.254055977E1,8.344686508E0
1.465168709E1,7.308296967E1,3.178723145E1,-6.381152153E0
1.466835302E1,6.324966049E1,3.892933273E1,-1.042575455E1
1.468501896E1,3.818894577E1,4.966903305E1,9.446734428E0
1.470168490E1,2.380742645E1,6.265781403E1,1.044223022E1
1.471835084E1,1.197687149E1,7.271771240E1,-1.142158413E1
1.473501677E1,1.321783066E-1,7.921772003E1,-2.050506592E1
1.475168271E1,-7.594022751E0,7.519998932E1,-5.619878769E0
1.476834865E1,-1.261365891E1,6.246096039E1,7.222377777E0
1.478501459E1,-8.510843277E0,5.194516754E1,1.235064220E1
1.480168052E1,6.652987480E0,4.787750244E1,1.128195095E1
1.481834646E1,3.079001999E1,4.809883118E1,1.428892231E1
1.483501240E1,5.508290863E1,5.271862793E1,2.825538635E1
1.485167834E1,7.134690857E1,5.621972275E1,2.821406937E1
1.486834427E1,7.184394073E1,4.081191254E1,-2.953667641E0
1.488501021E1,7.261193085E1,1.880164146E1,-2.229091263E1
1.490167615E1,7.374076843E1,-2.704792261E0,-6.555829048E0
1.491834209E1,7.501026917E1,-1.975236320E1,1.333774185E1
1.493500802E1,7.166810608E1,-3.318259430E1,2.946562958E1
1.495167396E1,5.866183090E1,-4.565900421E1,2.924818230E1
1.496833990E1,4.199603271E1,-5.159114075E1,1.565840530E1
1.498500584E1,3.025770569E1,-5.849953842E1,1.710796928E1
1.500167177E1,1.629254341E1,-7.129662323E1,1.854888725E1
1.501833771E1,-1.693437815E0,-8.189831543E1,9.140682220E0
1.503500365E1,-1.465500069E1,-8.418737030E1,5.144680500E0
1.505166959E1,-5.235041142E0,-8.379660797E1,8.438758850E0
1.506833552E1,2.391641426E1,-8.287540436E1,1.484092331E1
1.508500146E1,5.318503571E1,-7.538225555E1,1.564154911E1
1.510166740E1,6.959959412E1,-6.349427032E1,1.579139709E1
1.511833334E1,7.235938263E1,-5.137492371E1,1.651143456E1
1.513499927E1,7.232485199E1,-3.085428047E1,1.402878189E1
1.515166521E1,7.273209381E1,-5.357723236E-1,2.406151199E1
1.516833115E1,7.315853882E1,2.859681702E1,2.948585701E1
1.518499709E1,7.327512360E1,4.318992996E1,-1.682151604E1
1.520166302E1,5.717745209E1,5.040011215E1,-2.163089943E1
1.521832896E1,2.808395004E1,5.357360458E1,-7.250907898E0
1.523499490E1,1.533825779E1,5.679354095E1,-1.287931252E1
1.525166084E1,6.673852444E0,5.408234024E1,-1.859431267E1
1.526832677E1,-3.529343128E0,4.808417892E1,-6.416592598E0
1.528499271E1,-9.417572021E0,4.041271591E1,7.879067898E0
1.530165865E1,-1.453556824E1,3.166484833E1,1.357059860E1
1.531832459E1,-1.563324356E1,2.643713951E1,1.335735512E1
1.533499052E1,-1.003477383E1,2.568237686E1,6.683364868E0
1.535165646E1,1.295328617E0,3.196918106E1,-2.104082108E0
1.536832240E1,2.149836922E1,4.362652588E1,3.093305230E-1
1.538498834E1,4.443127823E1,5.153330994E1,1.666585922E1
1.540165427E1,6.451770020E1,5.365046310E1,2.446788788E1
1.541832021E1,7.273217773E1,4.280966568E1,1.391429806E1
1.543498615E1,7.358468628E1,1.947383499E1,2.458044052E0
1.545165209E1,7.474138641E1,-3.398332357E0,5.280631065E0
1.546831802E1,7.589734650E1,-1.658625412E1,1.460268211E1
1.548498396E1,6.906153107E1,-2.761162567E1,2.454840851E1
1.550164990E1,4.828843689E1,-4.089854813E1,2.925155449E1
1.551831584E1,2.819922829E1,-5.232105637E1,2.809274673E1
1.553498177E1,1.724344254E1,-6.397487640E1,2.492941666E1
1.555164771E1,6.087434769E0,-7.390911102E1,1.376028347E1
1.556831365E1,-3.954403639E0,-7.665164948E1,5.591965675E0
1.558497959E1,-4.609170914E0,-7.623403168E1,5.511865616E0
1.560164552E1,3.678477764E0,-7.274015808E1,7.834853649E0
1.561831146E1,2.159459877E1,-6.789736938E1,1.164471340E1
1.563497740E1,3.977300262E1,-6.063574219E1,1.433050632E1
1.565164334E1,5.178791046E1,-5.140880585E1,1.586367226E1
1.566830927E1,6.363835907E1,-4.309899139E1,1.536539173E1
1.568497521E1,7.210160828E1,-2.387931252E1,1.514744282E1
1.570164115E1,7.262371063E1,8.572732925E0,2.070080757E1
1.571830709E1,7.252391052E1,2.732258415E1,1.709678459E1
1.573497302E1,6.657372284E1,3.496318054E1,7.924213409E0
1.575163896E1,4.889968109E1,3.892042923E1,1.172738934E1
1.576830490E1,2.696937943E1,3.522786713E1,5.552662015E-1
1.578497084E1,8.628568649E0,3.231179810E1,-9.605753899E0
1.580163677E1,3.714035511E0,2.943957520E1,-4.786106586E0
1.581830271E1,-1.991763592E0,2.772026443E1,1.543623924E0
1.583496865E1,-7.889561653E0,2.799980354E1,2.320142508E0
1.585163459E1,-1.035565948E1,2.728323555E1,-3.849413991E-1
1.586830052E1,-1.224596977E1,2.611911774E1,-1.896303177E0
1.588496646E1,-1.088391113E1,2.429831123E1,6.943627596E-1
1.590163240E1,-4.462226391E0,2.320066452E1,5.448710442E0
1.591829834E1,8.954319954E-1,2.233995247E1,5.117130280E0
1.593496427E1,-6.513266563E-1,2.128525734E1,1.228805184E0
1.595163021E1,-1.846867085E0,2.109046364E1,9.632146358E-2
1.596829615E1,4.703400612E0,2.208723259E1,4.410262108E0
1.598496209E1,1.648336220E1,2.253328896E1,8.283547401E0
1.600162802E1,3.442736816E1,2.391501236E1,1.086563969E1
1.601829396E1,5.302956772E1,1.690807915E1,5.547304153E0
1.603495990E1,5.854962540E1,1.465422916E1,5.240562916E0
1.605162584E1,6.481775665E1,6.084923744E0,1.347414398E1
1.606829177E1,5.839658356E1,-7.260372162E0,1.827672958E1
1.608495771E1,4.376771164E1,-1.840510559E1,2.037672234E1
1.610162365E1,2.854660225E1,-2.893507767E1,1.660956192E1
1.611828959E1,1.296913338E1,-3.713058853E1,1.034535313E1
1.613495552E1,7.012591362E-1,-4.199402237E1,8.848219872E0
1.615162146E1,-5.108342171E0,-4.657433319E1,4.928413391E0
1.616828740E1,-8.554265022E0,-5.173199081E1,-2.105419636E-1
1.618495334E1,-1.388886166E1,-5.228320312E1,-7.603523731E-1
1.620161927E1,-9.985658646E0,-5.006545258E1,5.008457184E0
1.621828521E1,1.016200781E0,-4.665767670E1,9.262934685E0
1.623495115E1,7.037021160E0,-4.104111481E1,8.852406502E0
1.625161709E1,8.439370155E0,-3.382876587E1,7.936478615E0
1.626828302E1,1.488755417E1,-2.641516685E1,8.605176926E0
1.628494896E1,2.473862267E1,-1.332368946E1,8.602719307E0
1.630161490E1,3.771173096E1,4.741261959E0,7.827149391E0
1.631828084E1,5.083016968E1,1.849805260E1,2.445170403E0
1.633494677E1,5.356479645E1,2.913192177E1,3.214739799E0
1.635161271E1,4.703028107E1,3.415535355E1,1.303493500E1
1.636827865E1,3.000639343E1,2.957032204E1,1.051322079E1
1.638494459E1,9.747705460E0,2.062819481E1,-1.331224203E0
1.640161052E1,-4.042225838E0,1.461894894E1,-5.671238899E0
1.641827646E1,-9.520021439E0,1.113123417E1,-4.163609028E0
1.643494240E1,-1.111155415E1,9.610688210E0,-1.594899416E0
1.645160834E1,-1.127835464E1,8.296010017E0,1.991882324E-1
1.646827427E1,-1.142262650E1,7.035485268E0,1.963510275E0
1.648494021E1,-9.593645096E0,5.972453117E0,3.410676003E0
1.650160615E1,-6.265932083E0,5.714497566E0,3.967479944E0
1.651827209E1,-4.246382236E0,6.567635059E0,3.237137318E0
1.653493802E1,-2.938977718E0,6.701581955E0,1.635608196E0
1.655160396E1,-1.516166210E0,6.440441608E0,7.686428428E-1
1.656826990E1,-1.633097649E0,5.222187996E0,-9.491293430E-1
1.658493584E1,-1.288314342E0,4.443868637E0,-1.458400249E0
1.660160177E1,6.593084335E-1,3.456343889E0,-6.817420721E-1
1.661826771E1,4.869111061E0,1.456076860E0,1.180541277E0
1.663493365E1,1.427250004E1,-3.769193649E0,2.494744301E0
1.665159959E1,2.417733765E1,-5.444874763E0,1.134341240E1
1.666826552E1,3.172860718E1,-3.535703659E0,2.097070694E1
1.668493146E1,2.128278351E1,-5.708045006E0,1.742562485E1
1.670159740E1,1.281641960E0,-8.270699501E0,1.041162300E1
1.671826334E1,-6.694759369E0,-1.047864342E1,4.640953064E0
1.673492927E1,-7.308558941E0,-1.058588791E1,-4.742291927E0
1.675159521E1,-7.013526917E0,-8.826002121E0,-1.309780884E1
1.676826115E1,-4.238483906E0,-8.553560257E0,-1.409938908E1
1.678492709E1,-3.388539791E0,-7.891145229E0,-1.107705212E1
1.680159302E1,-2.461935282E0,-6.131580353E0,-2.040505409E-1
1.681825896E1,-2.404046059E-1,-4.976564884E0,1.510777092E1
1.683492490E1,5.191527367E0,-2.533720016E0,2.232824898E1
1.685159084E1,1.721558952E1,-1.715324998E0,1.380777550E1
1.686825677E1,2.743209457E1,-1.516210437E0,-2.697250843E0
1.688492271E1,2.329713058E1,-6.711776257E-1,-1.105802822E1
1.690158865E1,1.038169670E1,-2.683555126E0,-3.031612873E0
1.691825459E1,-1.622514725E0,-6.561634541E0,9.619301796E0
1.693492052E1,-3.950585365E0,-7.554037094E0,1.505595875E1
1.695158646E1,4.300464630E0,-9.007810593E0,8.473128319E0
1.696825240E1,1.126639938E1,-9.458289146E0,-3.663397312E0
1.698491834E1,1.094693756E1,-1.088448429E1,-7.981948376E0
1.700158427E1,1.010222149E1,-7.549919128E0,3.615216732E0
1.701825021E1,1.269445801E1,-4.344217300E0,1.118787479E1
1.703491615E1,1.195456028E1,3.168280125E-1,9.991520882E0
1.705158209E1,8.389944077E0,2.757089615E0,3.598980427E0
1.706824802E1,4.583028316E0,4.146640778E0,-2.168757439E0
1.708491396E1,3.471612930E0,3.716734409E0,-5.978927612E0
1.710157990E1,1.604663849E0,3.460592270E0,-6.110408783E0
1.711824584E1,1.263771534E0,3.204715252E0,-3.577117205E0
1.713491177E1,2.634066582E0,1.956348419E0,-1.517279148E-1
1.715157771E1,2.528308392E0,5.607972145E-1,3.785585642E0
1.716824365E1,3.079682350E0,-5.083843470E-1,6.858536720E0
1.718490959E1,4.795741081E0,-1.143252611E0,7.649356842E0
1.720157552E1,6.632872105E0,-2.071129799E0,6.274179459E0
1.721824146E1,7.882698059E0,-3.437896729E0,3.653241634E0
1.723490740E1,5.092002869E0,-4.661642551E0,9.673424959E-1
1.725157334E1,2.281952381E0,-6.106904030E0,-1.011373997E-1
1.726823927E1,2.181241512E0,-9.094315529E0,2.101342678E-1
1.728490521E1,3.139977932E0,-1.250486279E1,5.925391912E-1
1.730157115E1,3.522505283E0,-1.656162071E1,-7.003350258E0
1.731823709E1,-1.097245216E-1,-1.045973110E1,-2.452650309E0
1.733490302E1,6.018056870E0,-1.347457409E1,7.197959423E0
1.735156896E1,6.871356487E0,-1.149787903E1,1.095494652E1
1.736823490E1,5.879656315E0,-8.212647438E0,8.346096992E0
1.738490084E1,4.068796158E0,-4.664767265E0,5.670468330E0
1.740156677E1,3.107954025E0,-1.949645996E0,2.490467787E0
1.741823271E1,3.122301579E0,-4.175735116E-1,-7.677218914E-1
1.743489865E1,3.017285347E0,8.609107733E-1,-3.097509146E0
1.745156459E1,2.770837307E0,2.211400270E0,-3.820167303E0
1.746823052E1,2.533110142E0,3.734406233E0,-3.503603220E0
1.748489646E1,2.348090649E0,6.011657238E0,-2.133419752E0
1.750156240E1,2.387828350E0,8.890281677E0,-8.990120888E-1
1.751822834E1,2.469749451E0,1.186491585E1,-6.603841782E-1
1.753489427E1,2.140595436E0,1.445460892E1,-5.450994968E-1
1.755156021E1,1.122795105E0,1.655657578E1,1.378717184E0
1.756822615E1,1.021143436E0,1.796680832E1,5.255752087E0
1.758489209E1,3.363583088E0,1.880930901E1,9.609788895E0
1.760155802E1,7.558103561E0,1.836535645E1,1.189841270E1
1.761822396E1,1.290105534E1,1.726089096E1,1.272413063E1
1.763488990E1,2.071651268E1,1.720733643E1,1.386836624E1
1.765155584E1,3.167287445E1,1.914297867E1,1.918980026E1
1.766822177E1,4.322992325E1,1.989445877E1,2.899843788E1
1.768488771E1,4.848567963E1,1.542252254E1,3.450526810E1
1.770155365E1,4.726141357E1,9.567963600E0,3.454685593E1
1.771821959E1,4.705141449E1,3.786808968E0,3.254438019E1
1.773488552E1,4.631676483E1,-2.175602674E0,2.986809921E1
1.775155146E1,4.295232773E1,-8.277894974E0,2.659104347E1
1.776821740E1,3.744900131E1,-1.408574486E1,2.376741028E1
1.778488334E1,3.064282608E1,-1.962408638E1,2.204150391E1
1.780154927E1,2.272285652E1,-2.494148254E1,2.091510391E1
1.781821521E1,1.492064285E1,-2.949371719E1,2.012247658E1
1.783488115E1,9.720591545E0,-3.421914673E1,1.745271301E1
1.785154709E1,6.878084660E0,-4.050142288E1,1.138858604E1
1.786821302E1,2.640478611E0,-4.757264709E1,3.749526501E0
1.788487896E1,-5.013617516E0,-5.293887329E1,-2.596960545E0
1.790154490E1,-9.612739563E0,-5.542257690E1,-6.964775562E0
1.791821084E1,-6.133977890E0,-5.475080872E1,-1.012439728E1
1.793487677E1,2.598373890E0,-5.022916031E1,-1.138549232E1
1.795154271E1,1.292769337E1,-4.309700775E1,-1.083892822E1
1.796820865E1,2.550025558E1,-3.561020660E1,-1.110991573E1
1.798487459E1,3.914173508E1,-2.737713814E1,-1.604052734E1
1.800154052E1,4.700875854E1,-1.870142365E1,-2.375006485E1
1.801820646E1,4.776438141E1,-9.909443855E0,-2.767938423E1
1.803487240E1,4.931577301E1,-4.797863960E-1,-2.247757912E1
1.805153834E1,5.178597260E1,9.243484497E0,-1.115469170E1
1.806820427E1,4.810761261E1,1.727126312E1,-3.524176359E0
1.808487021E1,3.698238754E1,2.467736626E1,-4.559483051E0
1.810153615E1,2.243853760E1,3.379934311E1,-1.126867485E1
1.811820209E1,1.339533043E1,4.447043610E1,-1.477311897E1
1.813486802E1,1.423772049E1,5.332437515E1,-1.121603203E1
1.815153396E1,1.969737434E1,5.886229324E1,-4.001289845E0
1.816819990E1,2.414020157E1,5.855966949E1,4.090610743E-1
1.818486584E1,2.540488243E1,5.370289993E1,1.420907378E0
1.820153177E1,2.779023743E1,4.852365494E1,2.602426052E0
1.821819771E1,3.748106384E1,4.418626404E1,6.624316216E0
1.823486365E1,5.186488724E1,3.857246780E1,1.346491241E1
1.825152959E1,6.168376541E1,2.863853073E1,2.143442535E1
1.826819552E1,6.654797363E1,1.723598099E1,2.400311089E1
1.828486146E1,6.930449677E1,5.187657356E0,1.795548058E1
1.830152740E1,7.133802795E1,-7.120014191E0,1.216853333E1
1.831819334E1,7.096398163E1,-1.805124092E1,1.205480385E1
1.833485927E1,6.424082947E1,-2.580364799E1,1.180319786E1
1.835152521E1,5.416984177E1,-3.069589806E1,1.130251122E1
1.836819115E1,4.272948837E1,-3.485536194E1,1.485173607E1
1.838485709E1,3.037775612E1,-3.922037506E1,2.119004822E1
1.840152302E1,2.332620430E1,-4.468190765E1,2.441453934E1
1.841818896E1,2.232975769E1,-5.053876877E1,2.348763657E1
1.843485490E1,2.012981033E1,-5.577660370E1,1.837921715E1
1.845152084E1,1.199015808E1,-6.019609451E1,1.246461582E1
1.846818677E1,3.637936354E0,-6.444043732E1,7.153742313E0
1.848485271E1,3.007027149E0,-6.834158325E1,5.162197113E0
1.850151865E1,1.286345291E1,-6.982413483E1,4.554191113E0
1.851818459E1,3.026752853E1,-6.815964508E1,3.170667887E-1
1.853485052E1,4.898958969E1,-6.425408936E1,-4.778961182E0
1.855151646E1,6.079275131E1,-5.700878143E1,-5.837481499E0
1.856818240E1,6.671464539E1,-4.185204315E1,-3.555107594E0
1.858484834E1,6.995973969E1,-1.980609703E1,4.059397280E-1
1.860151427E1,7.168086243E1,4.099092484E0,2.524557114E0
1.861818021E1,7.248290253E1,2.103677940E1,1.842173219E0
1.863484615E1,6.618580627E1,3.184399796E1,6.151235580E0
1.865151209E1,5.272401428E1,3.999530792E1,1.255320454E1
1.866817802E1,3.334968567E1,4.761049652E1,5.879568577E0
1.868484396E1,1.312842941E1,5.937088013E1,-7.173960686E0
1.870150990E1,5.259298801E0,7.104235077E1,-1.018447971E1
1.871817584E1,-1.827570915E0,7.552958679E1,-2.810648918E0
1.873484177E1,-9.957062721E0,7.172750092E1,7.004013062E0
1.875150771E1,-5.775811195E0,6.388787079E1,1.726433945E1
1.876817365E1,9.204764366E0,5.629956436E1,2.596328163E1
1.878483959E1,2.595707893E1,5.138731766E1,3.244612122E1
1.880150552E1,4.510132980E1,5.048434448E1,3.361314774E1
1.881817146E1,5.959581375E1,4.799498749E1,2.245135117E1
1.883483740E1,6.710494995E1,3.918651962E1,2.885009289E0
1.885150334E1,7.149564362E1,2.541115952E1,-6.990751266E0
1.886816927E1,7.421537781E1,1.117435074E1,-6.513386250E0
1.888483521E1,7.358818817E1,-1.199368477E0,1.221527457E-1
1.890150115E1,6.768621826E1,-1.486148834E1,9.670880318E0
1.891816709E1,5.547763443E1,-3.024581718E1,1.206256199E1
1.893483302E1,4.400243759E1,-4.323586273E1,1.271531487E1
1.895149896E1,3.773854446E1,-5.704668045E1,1.553354931E1
1.896816490E1,2.793030548E1,-6.970170593E1,1.510612774E1
1.898483084E1,1.377182388E1,-7.752033997E1,1.178281212E1
1.900149677E1,5.635958672E0,-8.086555481E1,8.611917496E0
1.901816271E1,1.235859013E1,-8.097686005E1,1.042746258E1
1.903482865E1,3.091203690E1,-7.835738373E1,1.433505249E1
1.905149459E1,4.919950867E1,-7.217594910E1,1.487770557E1
1.906816052E1,6.084653091E1,-6.510895538E1,1.368793106E1
1.908482646E1,6.659255219E1,-5.514434433E1,1.389345932E1
1.910149240E1,6.987626648E1,-3.769367981E1,1.276205444E1
1.911815834E1,7.186846161E1,-9.203256607E0,1.840376663E1
1.913482427E1,7.293174744E1,1.629179573E1,1.623857880E1
1.915149021E1,7.017671967E1,3.329195786E1,5.443911552E0
1.916815615E1,5.364259338E1,4.569219971E1,-7.435292006E-1
1.918482209E1,3.588862228E1,5.947147751E1,3.408451378E-1
1.920148802E1,2.162267494E1,7.142341614E1,3.169179916E0
1.921815396E1,1.009772110E1,7.743383026E1,7.375749588E0
1.923481990E1,2.790176868E0,7.481469727E1,9.895554543E0
1.925148584E1,-3.146860838E0,6.179286194E1,1.209808350E1
1.926815177E1,-5.153786659E0,4.671097565E1,1.608876419E1
1.928481771E1,5.832729340E-1,3.705939865E1,2.122951508E1
1.930148365E1,1.368606567E1,3.459875488E1,2.540236855E1
1.931814959E1,3.154160500E1,3.624385452E1,2.690115166E1
1.933481552E1,5.053213501E1,3.925317001E1,2.611497498E1
1.935148146E1,6.271383286E1,4.036533737E1,2.075971794E1
1.936814740E1,6.920689392E1,3.385770416E1,1.296572495E1
1.938481334E1,7.323900604E1,1.971093369E1,1.049994659E1
1.940147927E1,7.590734863E1,4.499210358E0,9.987207413E0
1.941814521E1,7.695629120E1,-8.545212746E0,4.395403385E0
1.943481115E1,6.835097504E1,-2.167107201E1,1.884916663E0
1.945147709E1,5.055614090E1,-3.465904236E1,9.959844589E0
1.946814302E1,3.790541840E1,-4.803013229E1,1.822562218E1
1.948480896E1,2.990285873E1,-5.964408493E1,1.633063698E1
1.950147490E1,1.990731621E1,-6.730413818E1,1.090625668E1
1.951814084E1,1.114817142E1,-7.361541748E1,8.504817963E0
1.953480677E1,7.356508255E0,-7.830151367E1,6.870673656E0
1.955147271E1,1.489233971E1,-7.946507263E1,6.376888752E0
1.956813865E1,3.468033600E1,-7.629656982E1,8.408762932E0
1.958480459E1,5.276323318E1,-6.631932831E1,1.120948124E1
1.960147052E1,6.276632690E1,-5.151207352E1,1.085782242E1
1.961813646E1,6.747539520E1,-3.004089165E1,7.284601212E0
1.963480240E1,6.979519653E1,-4.081606865E0,1.696473503E1
1.965146834E1,7.095562744E1,1.966562653E1,2.930331612E1
1.966813427E1,6.962671661E1,3.503623581E1,1.702879333E1
1.968480021E1,5.885871124E1,4.445444489E1,-6.434441805E-1
1.970146615E1,4.184072113E1,4.693521881E1,1.746981025E0
1.971813209E1,2.429411697E1,4.598102188E1,5.715607643E0
1.973479802E1,9.787534714E0,4.505073166E1,2.118130684E0
1.975146396E1,-7.592849731E-1,4.371234512E1,-4.182663441E0
1.976812990E1,-6.943262100E0,4.090296555E1,-7.021866798E0
1.978479584E1,-1.074735928E1,3.541063309E1,-5.100848675E0
1.980146177E1,-1.507408333E1,2.790570259E1,-7.450687885E-2
1.981812771E1,-1.763878250E1,2.135004616E1,4.036986351E0
1.983479365E1,-1.558858681E1,1.811395836E1,4.718585968E0
1.985145959E1,-9.852671623E0,1.897018433E1,2.179960728E0
1.986812552E1,-3.892481804E0,2.394924927E1,-2.032889605E0
1.988479146E1,5.763722420E0,3.085275269E1,-1.139228225E0
1.990145740E1,2.317234612E1,3.908154678E1,1.136021137E1
1.991812334E1,4.722240067E1,4.331452942E1,2.649350929E1
1.993478927E1,6.181618881E1,3.418012619E1,2.445803833E1
1.995145521E1,6.901639557E1,2.002965164E1,9.171504021E0
1.996812115E1,7.122290802E1,5.573808193E0,3.092856407E0
1.998478709E1,6.478049469E1,-9.362529755E0,6.669102192E0
2.000145302E1,5.218857574E1,-2.180557632E1,1.053579807E1
2.001811896E1,3.774401093E1,-3.111324692E1,1.120148849E1
2.003478490E1,2.526107216E1,-3.777742004E1,1.057295036E1
2.005145084E1,1.767454147E1,-4.465971756E1,9.565711975E0
2.006811677E1,1.085453129E1,-5.134527969E1,6.577633858E0
2.008478271E1,2.905669451E0,-5.551701355E1,3.453277826E0
2.010144865E1,-4.531914592E-1,-5.723301697E1,3.729463100E0
2.011811459E1,3.120696068E0,-5.615754700E1,7.252316952E0
2.013478052E1,1.065448189E1,-5.285639572E1,1.041494846E1
2.015144646E1,1.798764420E1,-4.721451950E1,1.149634171E1
2.016811240E1,2.600910187E1,-3.999258423E1,1.036258793E1
2.018477834E1,3.680676651E1,-2.796977615E1,6.785707474E0
2.020144427E1,5.019162750E1,-7.391680241E0,1.325116515E0
2.021811021E1,6.098799896E1,1.010496235E1,-3.676341295E0
2.023477615E1,6.101913452E1,2.246230888E1,-4.127438068E-1
2.025144209E1,5.754318237E1,3.203839493E1,9.863973618E0
2.026810802E1,4.881658173E1,3.524505997E1,1.204477692E1
2.028477396E1,3.127867508E1,3.246690369E1,4.942187309E0
2.030143990E1,1.508953190E1,2.742030716E1,1.152711749E0
2.031810584E1,5.287868023E0,2.275356483E1,3.685086727E0
2.033477177E1,-1.589545250E0,1.955440331E1,6.722594738E0
2.035143771E1,-5.956408024E0,1.679590797E1,6.856028080E0
2.036810365E1,-9.082003593E0,1.376380157E1,4.874905586E0
2.038476959E1,-1.231758881E1,1.278353786E1,2.017927170E0
2.040143552E1,-1.212406921E1,1.410426331E1,-1.125348806E0
2.041810146E1,-7.611352444E0,1.846289825E1,-3.802421808E0
2.043476740E1,-2.277778149E0,2.531960487E1,-5.828444481E0
2.045143334E1,3.252890110E0,3.858111191E1,-1.995968580E0
2.046809927E1,1.649610710E1,4.663564682E1,4.837145805E-1
2.048476521E1,3.103816032E1,3.882382202E1,-7.037288666E0
2.050143115E1,3.776239777E1,2.114482498E1,-1.022297001E1
2.051809709E1,3.340388107E1,3.350989819E0,2.754182577E0
2.053476302E1,1.111244488E1,-6.604569912E0,1.396128273E1
2.055142896E1,-4.820315838E0,-7.068118572E0,1.605696678E1
2.056809490E1,1.145504761E1,-5.807091713E0,1.173932838E1
2.058476084E1,3.338260269E1,-4.823330879E0,5.591880322E0
2.060142677E1,4.392691422E1,-9.872511864E0,9.073197365E0
2.061809271E1,4.730175781E1,-1.620302963E1,1.850565338E1
2.063475865E1,4.430500031E1,-2.020235634E1,1.645675278E1
2.065142459E1,3.172246170E1,-2.336147499E1,1.447992325E0
2.066809052E1,2.046499252E1,-2.638932419E1,-8.560255051E0
2.068475646E1,1.442634487E1,-2.670014954E1,-6.734712601E0
2.070142240E1,1.142893219E1,-2.499848175E1,-4.868597507E0
2.071808834E1,8.107937813E0,-2.200711823E1,-4.857209206E0
2.073475427E1,7.375878334E0,-1.855468178E1,-4.084248066E0
2.075142021E1,8.921360016E0,-1.378461075E1,-3.186917067E0
2.076808615E1,1.215782261E1,-6.986208439E0,-1.117240667E0
2.078475209E1,1.498701954E1,4.401721954E-1,3.398048878E0
2.080141802E1,1.374803257E1,7.574136734E0,7.698374748E0
2.081808396E1,9.028932571E0,1.283021355E1,6.628489017E0
2.083474990E1,8.445751190E0,1.666852951E1,7.123724461E0
2.085141584E1,1.524953270E1,2.069051552E1,1.226077938E1
2.086808177E1,1.923014641E1,2.371380043E1,1.455718327E1
2.088474771E1,1.513461113E1,2.376669312E1,1.368012810E1
2.090141365E1,8.452493668E0,2.141337395E1,1.329532909E1
2.091807959E1,2.982601643E0,1.867929077E1,1.124055004E1
2.093474552E1,-1.238112926E0,1.609841156E1,6.413502693E0
2.095141146E1,-4.482661724E0,1.372687340E1,2.475734949E0
2.096807740E1,-7.068111420E0,1.194283295E1,1.223494053E0
2.098474334E1,-8.793567657E0,1.085494423E1,1.095871210E0
2.100140927E1,-9.714633942E0,1.039942455E1,1.015073061E0
2.101807521E1,-9.043953896E0,1.006348610E1,1.041594744E0
2.103474115E1,-6.624465466E0,8.816080093E0,1.645259023E0
2.105140709E1,-3.838218212E0,6.072215557E0,2.382241249E0
2.106807302E1,-1.257412910E0,2.680920601E0,3.253545046E0
2.108473896E1,8.330688477E-1,6.871752739E-1,4.427526951E0
2.110140490E1,2.453805447E0,1.646196842E0,5.310707092E0
2.111807084E1,2.567324638E0,5.587837219E0,4.432288170E0
2.113473677E1,3.770904541E0,1.095206165E1,4.828911781E0
2.115140271E1,1.361761284E1,1.485466003E1,1.214164352E1
2.116806865E1,2.871146202E1,1.228807163E1,1.720666504E1
2.118473459E1,3.125145340E1,5.381477833E0,1.286981297E1
2.120140052E1,2.198908043E1,-2.287954807E0,5.673642159E0
2.121806646E1,1.040220261E1,-8.459903717E0,2.456095934E0
2.123473240E1,1.738595009E0,-1.140398026E1,2.071341991E0
2.125139834E1,-1.559456110E0,-1.267197227E1,1.379942894E0
2.126806427E1,-1.862004280E0,-1.332524014E1,3.745967150E-1
2.128473021E1,-2.536499023E0,-1.368403816E1,-2.152466774E-1
2.130139615E1,-3.637690544E0,-1.397941208E1,-9.392905235E-2
2.131806209E1,-4.216527939E0,-1.440680885E1,3.355820179E-1
2.133472802E1,-4.006257534E0,-1.449903488E1,6.815431118E-1
2.135139396E1,-2.864362717E0,-1.396420574E1,1.265664101E-1
2.136805990E1,1.201386452E-1,-1.297666359E1,-1.558109283E0
2.138472584E1,4.302380562E0,-1.148321915E1,-3.632153749E0
2.140139177E1,8.527803421E0,-9.170404434E0,-4.498979568E0
2.141805771E1,1.226779461E1,-5.819451809E0,-3.533421993E0
2.143472365E1,1.439553642E1,2.225742340E-1,-5.993044376E-1
2.145138959E1,1.789490128E1,9.171018600E0,5.042927265E0
2.146805552E1,2.457868576E1,1.712257004E1,8.225138664E0
2.148472146E1,2.930587387E1,2.052365685E1,7.512495518E0
2.150138740E1,2.352724838E1,1.795109367E1,3.937432528E0
2.151805334E1,1.045124626E1,1.185122681E1,3.225210905E-1
2.153471927E1,-1.420566320E0,6.576293468E0,-1.181868315E0
2.155138521E1,-7.530096054E0,3.203251839E0,-2.079435825E0
2.156805115E1,-8.851268768E0,1.059047222E0,-2.783511162E0
2.158471709E1,-7.926475525E0,-6.629662514E-1,-2.474405289E0
2.160138302E1,-6.554796696E0,-2.203519821E0,-1.141965270E0
2.161804896E1,-6.417243004E0,-3.067300081E0,5.340890884E-1
2.163471490E1,-7.512442589E0,-3.461506605E0,1.952992082E0
2.165138084E1,-8.750171661E0,-3.267280102E0,3.518047571E0
2.166804677E1,-9.303664207E0,-2.742230177E0,4.764425278E0
2.168471271E1,-8.897487640E0,-1.996915817E0,5.316486359E0
2.170137865E1,-7.974714279E0,-1.163135529E0,5.483024597E0
2.171804459E1,-7.001572609E0,-3.320760727E-1,5.417445183E0
2.173471052E1,-5.833956718E0,6.890754700E-1,5.434991360E0
2.175137646E1,-3.946805954E0,1.997369289E0,5.212129116E0
2.176804240E1,-2.510916233E0,3.723927021E0,3.982486248E0
2.178470834E1,-3.518844128E0,6.024268150E0,2.011515856E0
2.180137427E1,-1.763325453E0,9.003449440E0,4.251412392E0
2.181804021E1,9.532792091E0,1.060189056E1,8.877081871E0
2.183470615E1,2.227110100E1,1.058425331E1,1.052083206E1
2.185137209E1,2.578023148E1,8.037720680E0,8.313056946E0
2.186803802E1,2.031508064E1,4.325972557E0,5.888888359E0
2.188470396E1,1.240096474E1,2.405881882E-1,3.788678408E0
2.190136990E1,6.369265079E0,-3.077760935E0,2.491435051E0
2.191803584E1,3.205539227E0,-5.558053970E0,1.148041248E0
2.193470177E1,1.659268379E0,-7.484484196E0,-1.037583828E0
2.195136771E1,3.106622696E-1,-9.014092445E0,-3.673151970E0
2.196803365E1,-8.377630711E-1,-1.003817940E1,-5.381388187E0
2.198469959E1,-1.844362974E0,-1.064532661E1,-6.249255657E0
2.200136552E1,-3.313566923E0,-1.008792496E1,-6.687261105E0
2.201803146E1,-4.525694847E0,-7.439616203E0,-6.290878773E0
2.203469740E1,-2.427567005E0,-2.361040592E0,-2.122997761E0
2.205136334E1,6.512357712E0,4.933349133E0,6.384734631E0
2.206802927E1,1.781632233E1,1.084360409E1,1.141056728E1
2.208469521E1,2.245246506E1,1.213466072E1,8.595960617E0
2.210136115E1,1.882198906E1,1.008679199E1,2.989763260E0
2.211802709E1,1.173791599E1,6.131413937E0,-1.205525756E0
2.213469302E1,4.802409649E0,2.570544720E0,-2.045216560E0
2.215135896E1,2.422618866E-1,1.522908211E-1,-1.192698002E0
2.216802490E1,-1.340442896E0,-1.443098545E0,-4.816164672E-1
2.218469084E1,-1.446807384E0,-2.725709438E0,-1.903417110E-1
2.220135677E1,-1.782010317E0,-3.855329275E0,-3.925791383E-1
2.221802271E1,-2.945784569E0,-4.778811455E0,-9.864810109E-1
2.223468865E1,-4.510103703E0,-5.207686424E0,-1.476659060E0
2.225135459E1,-6.066557884E0,-5.103889942E0,-1.588084459E0
2.226802052E1,-7.725152016E0,-4.242400169E0,-1.403724313E0
2.228468646E1,-9.600019455E0,-2.669681549E0,-1.019818068E0
2.230135240E1,-1.040209198E1,3.034443855E-1,6.993004680E-1
2.231801834E1,-5.008240223E0,4.604830265E0,5.420022011E0
2.233468427E1,7.269155025E0,8.756868362E0,9.676364899E0
2.235135021E1,1.773731041E1,1.106817627E1,8.965332985E0
2.236801615E1,1.937497520E1,1.056683254E1,5.605176449E0
2.238468209E1,1.518673706E1,7.763150215E0,3.942986965E0
2.240134802E1,1.018652630E1,3.456895828E0,3.923603535E0
2.241801396E1,5.925462246E0,-5.129575729E-1,4.101712227E0
2.243467990E1,2.766449928E0,-3.131279945E0,3.419634342E0
2.245134584E1,1.230069160E0,-4.667264938E0,2.177556753E0
2.246801177E1,1.011619091E0,-5.505244732E0,6.721150279E-1
2.248467771E1,1.287551880E0,-5.870073318E0,-1.285937071E0
2.250134365E1,1.199988842E0,-6.104958057E0,-3.974936247E0
2.251800959E1,5.492625237E-1,-5.885630131E0,-6.036394596E0
2.253467552E1,1.171650887E0,-4.487526894E0,-5.056915283E0
2.255134146E1,4.163465500E0,-2.045440197E0,-1.384778023E0
2.256800740E1,7.555971146E0,2.690925598E-1,2.033037901E0
2.258467334E1,9.599010468E0,1.560524940E0,3.197223186E0
2.260133927E1,9.461941719E0,1.913228512E0,2.656498194E0
2.261800521E1,7.836023331E0,1.662391663E0,1.443562269E0
2.263467115E1,5.817179680E0,1.025022030E0,-2.493143082E-2
2.265133709E1,3.991770267E0,2.777094841E-1,-1.479770660E0
2.266800302E1,2.369948387E0,-3.501930237E-1,-2.572856665E0
2.268466896E1,1.158547401E0,-8.135609627E-1,-2.926712036E0
2.270133490E1,5.090699196E-1,-1.069684982E0,-2.550964355E0
2.271800084E1,2.316908836E-1,-1.236205578E0,-2.006522655E0
2.273466677E1,8.106517792E-2,-1.409226894E0,-1.851216674E0
2.275133271E1,-7.362270355E-2,-1.579945564E0,-2.066379070E0
2.276799865E1,-2.062282562E-1,-1.760505915E0,-2.410007238E0
2.278466459E1,-3.190360069E-1,-1.986342192E0,-2.524017096E0
2.280133052E1,-3.700089455E-1,-2.205133677E0,-2.296270609E0
2.281799646E1,-3.065347672E-1,-2.262606382E0,-1.818058252E0
2.283466240E1,-2.748689651E-1,-2.205169916E0,-1.348327756E0
2.285132834E1,-2.673158646E-1,-2.107909441E0,-9.126839638E-1
2.286799427E1,-2.316026688E-1,-1.888202667E0,-3.608906269E-1
2.288466021E1,-8.579254150E-2,-1.641990900E0,2.598619461E-1
2.290132615E1,1.505813599E-1,-1.332317591E0,8.863337040E-1
2.291799209E1,8.073883057E-1,-7.766275406E-1,1.710489035E0
2.293465802E1,2.112973213E0,-4.068756104E-2,2.917353630E0
2.295132396E1,3.851537228E0,6.660242081E-1,4.258038521E0
2.296798990E1,5.698117733E0,1.065046310E0,5.014618874E0
2.298465584E1,6.916391850E0,9.668192863E-1,4.815979004E0
2.300132177E1,6.656380653E0,6.029272079E-1,4.094368935E0
2.301798771E1,4.996192932E0,4.420726299E-1,3.516083717E0
2.303465365E1,3.046326637E0,4.998960495E-1,3.112290382E0
2.305131959E1,1.833667278E0,5.475656986E-1,3.071985722E0
2.306798552E1,1.460466385E0,5.317771435E-1,2.926320076E0
2.308465146E1,1.639954567E0,4.031898975E-1,2.443847656E0
2.310131740E1,1.902960777E0,1.356182098E-1,1.683608532E0
2.311798334E1,1.616441727E0,2.983331680E-3,8.062014580E-1
2.313464927E1,7.596297264E-1,4.194760323E-2,1.878895760E-1
2.315131521E1,-1.316981316E-1,1.312396526E-1,-3.218150139E-1
2.316798115E1,-6.934380531E-1,2.072687149E-1,-6.728911400E-1
2.318464709E1,-7.880177498E-1,3.531001806E-1,-6.121387482E-1
2.320131302E1,-4.610228539E-1,3.313040733E-1,-4.594001770E-1
2.321797896E1,1.467442513E-1,-8.350753784E-2,-3.851976395E-1
2.323464490E1,3.522086143E-1,-2.898371220E-1,-2.662210464E-1
2.325131084E1,1.601881981E-1,-2.928678989E-1,-8.537864685E-2
2.326797677E1,6.788063049E-2,-3.777571917E-1,2.936034203E-1
2.328464271E1,1.976408958E-1,-4.063389301E-1,9.806375504E-1
2.330130865E1,4.952902794E-1,-3.829528689E-1,1.904071331E0
2.331797459E1,8.465132713E-1,-3.578307629E-1,2.437824726E0
2.333464052E1,9.932484627E-1,-2.721272111E-1,2.691785336E0
2.335130646E1,9.375014305E-1,-5.943107605E-2,2.636302948E0
2.336797240E1,8.451795578E-1,1.941785812E-1,2.411049366E0
2.338463834E1,7.296595573E-1,3.935077190E-1,2.530364990E0
2.340130427E1,1.006818771E0,7.157108784E-1,3.074232578E0
2.341797021E1,1.994005680E0,1.136595726E0,3.421341419E0
2.343463615E1,3.345838070E0,1.302006721E0,3.224410534E0
2.345130209E1,4.352395058E0,1.193567634E0,2.601511478E0
2.346796802E1,4.542578697E0,1.071507692E0,1.548670769E0
2.348463396E1,4.054216862E0,9.340355396E-1,1.121461868E0
2.350129990E1,3.769208908E0,8.165044785E-1,1.458424568E0
2.351796584E1,4.299566269E0,6.099923849E-1,2.522733212E0
2.353463177E1,5.110603809E0,3.881821632E-1,4.018361568E0
2.355129771E1,5.329533100E0,-4.518938065E-2,4.870775700E0
2.356796365E1,5.087554932E0,-8.590966463E-1,4.465740681E0
2.358462959E1,4.593599319E0,-1.750544310E0,2.820789814E0
2.360129552E1,3.728771687E0,-2.461454391E0,9.566426277E-1
2.361796146E1,2.645814896E0,-3.088841677E0,-3.334159851E-1
2.363462740E1,1.418889046E0,-3.117466450E0,-9.988842010E-1
2.365129334E1,-5.093243122E-1,-7.079749107E-1,-1.079412937E0
2.366795927E1,-8.092117310E-1,-3.889424801E-1,-5.570178032E-1
2.368462521E1,8.275244236E-1,-3.130481720E0,-7.058391571E-1
2.370129115E1,1.348328114E0,-4.990347385E0,-1.457960129E0
2.371795709E1,1.105188131E0,-5.359227180E0,-1.504212379E0
2.373462302E1,2.949330807E-1,-4.395223618E0,-1.328222275E0
2.375128896E1,-3.615105152E-1,-3.449310780E0,-1.429984093E0
2.376795490E1,-6.899114847E-1,-2.855763435E0,-1.521560192E0
2.378462084E1,-9.135628939E-1,-2.235612631E0,-1.421410561E0
2.380128677E1,-9.335163832E-1,-1.792214155E0,-1.550616741E0
2.381795271E1,-6.970568895E-1,-1.706319571E0,-2.008782387E0
2.383461865E1,-2.845230103E-1,-1.427081585E0,-2.180768967E0
2.385128459E1,-7.811522484E-2,-8.320214748E-1,-1.908411026E0
2.386795052E1,-4.021143913E-2,-5.569016933E-1,-1.439852238E0
2.388461646E1,-2.479028702E-2,-1.842694283E-1,-9.959511757E-1
2.390128240E1,5.179178715E-2,3.249711990E-1,-6.451125145E-1
2.391794834E1,1.029616594E-1,6.650819778E-1,-9.587812424E-2
2.393461427E1,7.764458656E-2,8.093914986E-1,5.409083366E-1
2.395128021E1,8.309692144E-2,9.665770531E-1,9.865493774E-1
2.396794615E1,2.674246430E-1,1.063886642E0,1.415361881E0
2.398461209E1,4.295654297E-1,1.072628498E0,2.019760132E0
2.400127802E1,5.628129840E-1,1.132650852E0,2.560076714E0
2.401794396E1,7.103695869E-1,1.237245083E0,2.533181190E0
2.403460990E1,8.612344265E-1,1.128888607E0,2.192674637E0
2.405127584E1,9.266588092E-1,9.977970123E-1,1.854135513E0
2.406794177E1,1.157909393E0,5.855917931E-1,1.758990765E0
2.408460771E1,1.117233992E0,2.552428246E-1,1.924385071E0
2.410127365E1,7.000085115E-1,8.287906647E-2,1.796416759E0
2.411793959E1,4.277822673E-1,-2.745025158E-1,1.669448376E0
2.413460552E1,-1.359740794E-1,-1.989908218E-1,1.851388454E0
2.415127146E1,-4.026920795E-1,-3.369112015E-1,1.926965714E0
2.416793740E1,2.289306223E-1,-1.196817160E0,1.472735405E0
2.418460334E1,3.367427289E-1,-1.311690569E0,1.106501579E0
2.420126927E1,-2.912815809E-1,-1.070626020E0,6.067295074E-1
2.421793521E1,-5.049428344E-1,-1.197215080E0,1.908302307E-3
2.423460115E1,-2.942508459E-2,-1.646687269E0,-8.165359497E-3
2.425126709E1,9.344529510E-1,-1.720720053E0,3.766093254E-1
2.426793302E1,1.234919190E0,-1.319119692E0,-7.705688477E-2
2.428459896E1,1.523252726E0,-8.573045731E-1,-6.223320961E-1
2.430126490E1,1.144106865E0,-5.875504017E-1,-4.313063622E-1
2.431793084E1,4.386720657E-1,-1.132789850E0,4.253826141E-1
2.433459677E1,6.108826995E-1,-1.773127794E0,2.345444202E0
2.435126271E1,1.219043732E0,-1.576529264E0,3.024482250E0
2.436792865E1,9.996978045E-1,-1.112473488E0,2.261018753E0
2.438459459E1,-1.125773787E-2,-9.842998981E-1,1.584686756E0
2.440126052E1,-9.311492443E-1,-1.028368711E0,1.466287136E0
2.441792646E1,-1.730354309E0,-9.910044670E-1,1.395247459E0
2.443459240E1,-2.255295277E0,-4.417469501E-1,7.192149162E-1
2.445125834E1,-2.193704605E0,-3.920247555E-1,3.776302338E-1
2.446792427E1,-1.592945695E0,-1.858544350E-1,3.073301315E-1
2.448459021E1,-9.481683969E-1,1.304388046E-1,6.594038010E-1
2.450125615E1,-2.115453184E-1,3.712878227E-1,1.328103065E0
2.451792209E1,3.697916567E-1,5.546021461E-1,1.839867592E0
2.453458802E1,4.764611423E-1,7.879228592E-1,1.933228493E0
2.455125396E1,9.954640269E-2,9.054758549E-1,1.653984070E0
2.456791990E1,-2.618223429E-1,8.727090359E-1,1.024828911E0
2.458458584E1,-4.479922056E-1,1.015502453E0,7.601976395E-1
2.460125177E1,-1.104446650E-1,1.295003414E0,1.021140099E0
2.461791771E1,1.956518292E-1,1.056755543E0,1.633900642E0
2.463458365E1,4.711879492E-1,7.624392509E-1,1.873313904E0
2.465124959E1,6.288745999E-1,8.454952240E-1,1.802308083E0
2.466791552E1,7.791109085E-1,9.384870529E-1,1.873923302E0
2.468458146E1,1.112917423E0,8.826575279E-1,2.226937294E0
2.470124740E1,1.279271245E0,8.472084999E-1,2.204668999E0
2.471791334E1,1.292978764E0,9.412908554E-1,1.558370590E0
2.473457927E1,1.351384640E0,1.113186359E0,1.203969002E0
2.475124521E1,1.418904066E0,1.007111549E0,1.579864979E0
2.476791115E1,1.484746933E0,6.542868614E-1,2.259946346E0
2.478457709E1,1.931252837E0,2.408232689E-1,2.776912689E0
2.480124302E1,4.042699337E0,-3.544740677E-1,3.281998158E0
2.481790896E1,3.984126568E0,3.024525642E-1,2.475575924E0
2.483457490E1,2.903950691E0,1.299753189E-1,7.320380211E-1
2.485124084E1,1.436977625E0,-1.053237915E-2,-1.497850418E-1
2.486790677E1,2.956805229E-1,-3.646316528E-1,-1.208243370E-1
2.488457271E1,-4.335460663E-1,-8.509497643E-1,1.742043495E-1
2.490123865E1,-6.385167837E-1,-1.273983479E0,3.054184914E-1
2.491790459E1,-4.133378267E-1,-1.387523413E0,3.457732201E-1
2.493457052E1,-2.419009209E-1,-1.246267796E0,3.720326424E-1
2.495123646E1,-9.983384609E-2,-1.002058506E0,4.442276955E-1
2.496790240E1,2.549611330E-1,-7.903027534E-1,8.423733711E-1
2.498456834E1,5.226125717E-1,-5.780134201E-1,1.469078064E0
2.500123427E1,5.417125225E-1,-5.176000595E-1,1.686441898E0
2.501790021E1,5.200070143E-1,-5.084238052E-1,1.244640827E0
2.503456615E1,5.543954372E-1,-3.725676537E-1,5.334362984E-1
2.505123209E1,5.536204576E-1,-2.738690376E-1,-1.206274033E-1
2.506789802E1,6.067285538E-1,-1.980242729E-1,-5.539712906E-1
2.508456396E1,6.130801439E-1,-1.646862030E-1,-8.741779327E-1
2.510122990E1,6.647120714E-1,-1.890501976E-1,-9.639892578E-1
2.511789584E1,8.096278906E-1,-2.079029083E-1,-7.126584053E-1
2.513456177E1,8.128293753E-1,-2.367038727E-1,-3.280172348E-1
2.515122771E1,7.709116936E-1,-2.649712563E-1,9.745454788E-2
2.516789365E1,7.679086924E-1,-2.703266144E-1,5.952568054E-1
2.518455959E1,7.771263123E-1,-2.995243073E-1,1.042230129E0
2.520122552E1,7.665467262E-1,-3.040637970E-1,1.198026180E0
2.521789146E1,7.469966412E-1,-2.018551826E-1,9.228267670E-1
2.523455740E1,7.962394953E-1,-1.861238480E-2,4.404950142E-1
2.525122334E1,8.606206179E-1,2.411746979E-1,1.213850975E-1
2.526788927E1,8.326159716E-1,4.930582047E-1,1.587138176E-1
2.528455521E1,8.619264364E-1,6.857070923E-1,3.583941460E-1
2.530122115E1,9.871937037E-1,8.163247108E-1,4.705934525E-1
2.531788709E1,1.011795759E0,8.779006004E-1,5.500574112E-1
2.533455302E1,9.103965759E-1,8.034858704E-1,8.251533508E-1
2.535121896E1,6.750684977E-1,5.909309387E-1,1.204289913E0
2.536788490E1,5.014582872E-1,3.600406647E-1,1.529911041E0
2.538455084E1,4.000538588E-1,2.046437263E-1,1.671207905E0
2.540121677E1,3.873590231E-1,1.774764061E-1,1.834589005E0
2.541788271E1,5.961861610E-1,1.361217499E-1,2.366824627E0
2.543454865E1,8.021717072E-1,-2.944087982E-2,3.113737583E0
2.545121459E1,5.930756330E-1,-3.719801903E-1,3.586740971E0
2.546788052E1,9.022009373E-2,-7.315840721E-1,3.284185410E0
2.548454646E1,-3.340697289E-1,-6.941852570E-1,1.324140549E0
2.550121240E1,-1.488370895E-1,-5.663962364E-1,6.735954285E-1
2.551787834E1,1.590703726E-1,-5.572676659E-1,1.561843395E0
2.553454427E1,1.605199575E-1,-6.474237442E-1,2.318069458E0
2.555121021E1,1.365132332E-1,-8.606557846E-1,3.006026268E0
2.556787615E1,5.806779861E-2,-7.740831375E-1,2.606548309E0
